Company;Info - Ticker;Info - Country;Info - Sector;Info - Industry;Market Cap - Current;P/E - Current;Current r. - Current;Debt-Equity - Current;FCF margin - Average 3y;ROA - Average 5y;MA - MA 50d;MA - MA 200d;Info - Report;F-Score - Point;FS & G & Div. - Point;Earnings - Stable 5y;OP Cash F. - Stable 5y;Price / MA - MA 200d;Performance - Perform. 1y;Performance - Perform. 1m;Performance - Perform. 6m;Stock price - Current;Info - Price Currency;Info - Report Currency;Earnings/share - Current;ROIC - Average 5y;FCF growth - Growth 5y;Earnings g. - Growth 5y;Fair value
Aena SME SA;AENA;Spain;Industrials;Airlines;39483;18,5;1,9;1,0;26,8%;7,0%;26,31;24,40;Q4-2025;8;19;3;5;7,5%;19,9%;-0,5%;15,0%;26,24;EUR;EUR;1,42;9,3%;54,6%;79,6%;60,40
AEP Plantations PLC;AEP;UK;Food and Beverage;Farming;706;11,0;6,2;0,1;12,0%;11,9%;15,67;13,03;Q2-2025;8;23;5;5;37,4%;142,5%;12,2%;29,7%;17,90;GBP;USD;2,24;21,7%;15,5%;19,5%;29,38
Alkermes PLC;ALKS;USA;Health Care;Pharmaceuticals;5738;23,7;3,5;0,4;26,8%;6,8%;31,41;29,72;Q4-2025;6;14;2;5;17,2%;7,1%;15,2%;11,5%;34,84;USD;USD;1,47;16,1%;66,2%;32,6%;43,39
Alvopetro Energy Ltd;ALV;Canada;Energy;Oil & Gas -Exploration;364;13,2;1,1;0,2;28,2%;19,7%;8,18;6,79;Q3-2025;6;15;5;5;43,7%;90,3%;18,4%;44,6%;9,76;CAD;USD;0,53;28,3%;20,4%;25,5%;17,37
Athabasca Oil Corp;ATH;Canada;Energy;Oil & Gas -Exploration;5500;12,4;2,0;0,3;16,9%;17,3%;8,93;7,13;Q3-2025;7;16;3;4;51,5%;91,5%;21,3%;61,4%;10,80;CAD;CAD;0,87;23,0%;30,3%;22,0%;16,14
Azkoyen SA;AZK;Spain;Industrials;Industrial Components;229;13,2;1,9;0,5;13,6%;8,0%;8,97;8,75;Q4-2025;8;22;5;5;7,4%;28,8%;3,3%;7,3%;9,40;EUR;EUR;0,71;12,6%;19,2%;22,3%;14,43
AZZ Inc;AZZ;USA;Industrials;Business Support & Services;3786;11,8;1,7;0,7;13,2%;6,0%;128,24;112,62;Q3-2026;7;16;4;5;12,2%;47,3%;-6,1%;15,8%;126,38;USD;USD;10,73;6,7%;43,6%;59,2%;203,29
Bijou Brigitte Modische;BIJ;Germany;Consumer Durables;Accessories;328;13,7;3,0;0,8;18,2%;6,3%;44,15;40,89;Q2-2025;6;16;4;5;5,2%;13,0%;-6,1%;5,4%;43,00;EUR;EUR;3,13;14,4%;22,7%;22,7%;75,42
Björn Borg;BORG;Sweden;Consumer Durables;Clothing & Footwear;1783;19,4;1,4;1,0;7,7%;11,1%;63,85;61,60;Q4-2025;7;18;5;5;15,1%;35,6%;5,5%;17,0%;70,90;SEK;SEK;3,66;19,1%;-20,3%;37,3%;81,31
Bombardier Inc;BBD;Germany;Industrials;Military & Defense;15920;19,7;1,1;-16,3;8,6%;10,3%;156,66;122,79;Q4-2025;9;14;3;3;31,1%;218,8%;-6,4%;33,1%;161,00;EUR;USD;9,57;22,6%;21,6%;46,7%;230,70
Brady Corp;BRC;USA;Industrials;Security;3837;19,5;2,1;0,4;11,1%;11,7%;87,94;78,87;Q1-2026;6;18;5;5;2,4%;13,3%;-12,5%;3,2%;80,73;USD;USD;4,13;16,6%;2,6%;10,6%;80,58
Caltagirone SpA;QCG;Germany;Industrials;Construction Supplies;1047;7,9;1,5;0,4;13,8%;2,8%;9,49;8,46;Q2-2025;6;17;5;5;3,1%;22,1%;-13,7%;5,8%;8,72;EUR;EUR;1,10;4,2%;15,6%;24,2%;22,58
Cantaloupe Inc;CTLP;USA;Technology;IT Services;792;14,6;1,9;0,5;8,0%;6,9%;10,52;10,70;Q2-2026;7;12;3;4;0,7%;39,5%;2,8%;1,7%;10,78;USD;USD;0,74;10,8%;14,2%;48,8%;21,98
Catalyst Pharmaceuticals Inc;CPRX;USA;Health Care;Biotechnology;3019;14,1;6,1;0,2;37,7%;18,5%;24,08;22,22;Q4-2025;6;13;5;5;11,1%;3,2%;3,4%;18,5%;24,69;USD;USD;1,75;163,4%;35,9%;19,4%;42,07
CCL Industries Inc;CCL.B;Canada;Materials;Packaging;15309;19,1;1,4;0,8;10,0%;7,5%;86,96;82,74;Q4-2025;7;20;5;5;5,9%;25,7%;-6,6%;12,1%;87,63;CAD;CAD;4,59;10,3%;7,0%;9,2%;75,06
CF Industries Holdings Inc;CF;USA;Food and Beverage;Farming;21068;14,5;3,4;0,8;23,5%;12,5%;107,90;91,52;Q4-2025;8;21;5;5;42,0%;63,3%;24,6%;44,7%;129,97;USD;USD;8,98;16,1%;22,8%;43,4%;224,23
CI&T Inc;CINT;USA;Technology;IT Services;668;18,6;1,4;0,8;11,5%;5,1%;5,03;4,99;Q3-2025;8;12;5;5;0,5%;-16,2%;1,2%;2,7%;5,02;USD;USD;0,27;8,9%;13,9%;7,6%;6,07
Cipher Pharmaceuticals Inc;CPH;Canada;Health Care;Pharmaceuticals;482;19,9;1,3;0,3;60,8%;18,7%;15,54;14,50;Q3-2025;6;11;5;5;30,2%;50,4%;22,3%;15,0%;18,88;CAD;USD;0,68;38,0%;28,5%;33,6%;24,17
Cirrus Logic Inc;CRUS;USA;Technology;Semiconductors;7603;18,8;7,7;0,2;23,3%;13,4%;138,08;122,41;Q3-2026;9;19;5;5;20,2%;47,4%;2,9%;16,2%;147,13;USD;USD;7,83;20,5%;14,6%;15,9%;138,93
Clarkson PLC;CKN;UK;Industrials;Marine & Sea;1448;19,2;2,2;0,6;12,7%;9,0%;43,52;37,95;Q2-2025;6;16;4;5;24,2%;39,3%;5,8%;29,7%;47,15;GBP;GBP;2,45;89,5%;13,1%;35,6%;67,30
Cloetta;CLA B;Sweden;Food and Beverage;Food Processing;15383;19,2;1,6;0,8;8,2%;4,7%;49,98;39,05;Q4-2025;8;17;5;5;36,5%;82,7%;0,2%;54,0%;53,30;SEK;SEK;2,78;6,3%;20,3%;23,2%;57,02
ConocoPhillips;COP;USA;Energy;Oil & Gas -Exploration;163417;20,5;1,3;0,9;15,1%;10,9%;114,97;98,38;Q4-2025;6;17;4;5;32,7%;23,8%;10,4%;39,8%;130,52;USD;USD;6,36;13,5%;68,9%;35,3%;213,12
Corbion NV;CRBN;Netherlands;Materials;Chemicals;1085;14,5;1,9;0,9;4,7%;6,6%;19,74;18,29;Q4-2025;7;16;5;5;2,3%;-4,5%;-2,1%;12,4%;18,71;EUR;EUR;1,29;9,8%;19,7%;0,8%;21,33
Costamare Inc;CMRE;USA;Industrials;Marine & Sea;2074;5,4;1,7;0,8;14,1%;8,6%;16,78;13,61;Q3-2025;8;21;5;5;27,0%;127,6%;-3,5%;44,7%;17,28;USD;USD;3,22;11,4%;17,8%;81,9%;52,13
Coterra Energy Inc;CTRA;USA;Energy;Oil & Gas -Exploration;26300;15,4;1,2;0,6;23,2%;9,2%;31,38;26,47;Q4-2025;7;18;5;5;30,5%;18,9%;9,7%;49,3%;34,56;USD;USD;2,25;10,3%;56,2%;35,1%;58,18
CTS Corp;CTS;USA;Technology;Semiconductors;1426;21,9;2,3;0,4;14,4%;5,1%;51,04;44,39;Q4-2025;8;17;4;5;8,9%;17,6%;-6,9%;21,6%;48,34;USD;USD;2,21;7,2%;11,8%;15,6%;50,06
D/S Norden;DNORD;Denmark;Industrials;Marine & Sea;9151;11,3;1,6;0,9;13,7%;12,9%;280,66;251,14;Q4-2025;6;17;5;5;17,5%;69,9%;4,2%;27,5%;295,20;DKK;USD;4,10;31,1%;3,7%;15,0%;533,28
dAmico International Shipping SA;B7C0;Germany;Industrials;Marine & Sea;921;12,2;3,1;0,4;28,8%;10,9%;6,89;4,97;Q3-2025;6;17;4;5;55,4%;137,2%;-0,5%;81,4%;7,72;EUR;USD;0,74;14,2%;-1,3%;41,6%;13,77
Elmos Semiconductor SE;ELG;Germany;Technology;Semiconductors;2567;20,7;5,2;0,3;5,6%;13,3%;132,28;100,14;Q3-2025;6;18;5;5;49,4%;153,1%;-1,1%;77,7%;149,60;EUR;EUR;7,23;18,6%;93,0%;83,2%;256,63
Ennis Inc;EBF;USA;Industrials;Industrial Components;559;13,1;3,8;0,2;10,1%;10,8%;20,69;18,62;Q3-2026;7;21;5;5;16,5%;7,8%;2,9%;19,9%;21,69;USD;USD;1,66;15,6%;-17,0%;12,3%;25,02
EUROKAI GmbH & Co KGaA;EUK3;Germany;Industrials;Marine & Sea;782;11,7;4,1;0,5;44,7%;7,8%;56,90;48,34;Q2-2025;7;19;4;5;15,9%;50,5%;-1,8%;24,4%;56,00;EUR;EUR;4,80;11,8%;36,0%;27,5%;108,13
Evertz Technologies Ltd;ET;Canada;Technology;Communications;1217;18,9;2,1;0,7;16,5%;14,5%;14,89;12,80;Q2-2026;7;17;5;5;25,6%;53,1%;1,5%;31,6%;16,08;CAD;CAD;0,85;32,2%;18,3%;9,1%;22,02
Exelixis Inc;EXEL;USA;Health Care;Biotechnology;11916;15,2;3,6;0,3;28,2%;13,4%;42,70;41,59;Q4-2025;8;17;5;5;5,5%;20,6%;6,9%;6,1%;43,88;USD;USD;2,88;29,5%;40,0%;51,6%;96,03
F5 Inc;FFIV;USA;Technology;IT Services;17516;24,8;1,6;0,8;27,8%;9,2%;280,77;286,80;Q1-2026;9;18;5;5;5,8%;12,9%;9,1%;-7,3%;303,35;USD;USD;12,23;17,1%;8,6%;17,5%;249,67
Flexsteel Industries Inc;FLXS;USA;Consumer Durables;Home Furnishings;247;11,8;3,0;0,6;5,1%;4,8%;47,80;41,99;Q2-2026;6;14;5;4;10,9%;25,2%;-7,5%;4,3%;46,56;USD;USD;3,95;6,9%;10,5%;4,3%;53,03
Glenveagh Properties PLC;GVR;Germany;Industrials;Homebuilding;1123;8,9;6,2;0,7;9,6%;6,6%;2,06;1,92;Q2-2025;7;15;4;3;2,4%;31,7%;-11,9%;2,1%;1,97;EUR;EUR;0,22;8,4%;236,6%;73,7%;4,04
Global Ship Lease Inc;GSL;USA;Industrials;Marine & Sea;1367;3,4;2,2;0,6;22,0%;13,3%;38,18;33,02;Q3-2025;7;19;5;5;16,3%;66,2%;-6,5%;25,7%;38,41;USD;USD;11,14;16,9%;-29,0%;55,4%;132,50
Globus Medical Inc;GMED;USA;Health Care;Medical Equipment;11888;22,1;4,3;0,2;20,0%;6,3%;89,03;73,73;Q4-2025;8;17;5;5;19,2%;19,8%;-6,3%;51,4%;87,92;USD;USD;3,98;8,5%;22,2%;30,8%;91,48
Goodtech;GOD;Norway;Industrials;Business Consultants;336;10,8;1,3;0,8;5,4%;2,1%;10,26;9,57;Q4-2025;8;14;3;4;16,0%;26,4%;-0,4%;24,4%;11,10;NOK;NOK;1,03;5,9%;30,6%;143,6%;24,05
Gr. Sarantis SA;SSA1;Germany;Food and Beverage;Personal Products;904;17,7;1,9;0,6;8,4%;8,1%;13,76;13,24;Q2-2025;8;19;5;5;6,6%;11,9%;-1,8%;10,1%;14,12;EUR;EUR;0,80;12,4%;25,2%;6,6%;13,17
Hill & Smith PLC;HILS;UK;Industrials;Construction & Infrastructure;1737;21,5;1,9;0,6;11,8%;8,6%;22,51;21,38;Q2-2025;8;21;5;5;1,1%;25,1%;-8,7%;4,9%;21,60;GBP;GBP;1,01;11,8%;14,7%;27,2%;23,71
Hydratec Industries NV;HYDRA;Netherlands;Industrials;Industrial Machinery;273;11,3;1,3;0,9;7,8%;8,0%;196,76;178,01;Q4-2025;8;19;5;5;18,0%;27,3%;4,0%;11,7%;210,00;EUR;EUR;18,55;17,4%;15,7%;46,6%;375,50
IMC SA;IM4;Germany;Food and Beverage;Farming;268;4,2;6,0;0,7;20,6%;9,8%;7,24;6,42;Q3-2025;8;19;3;5;17,4%;-1,3%;8,6%;51,4%;7,54;EUR;USD;2,12;12,2%;1,8%;17,2%;18,35
Incyte Corp;INCY;USA;Health Care;Biotechnology;18726;14,6;3,3;0,3;19,1%;10,6%;98,19;90,87;Q4-2025;8;17;4;4;5,6%;57,5%;-4,1%;11,2%;95,93;USD;USD;6,59;36,2%;60,5%;46,9%;126,74
Industrie De Nora SpA;DNR;Italy;Industrials;Electrical Components;1391;15,2;2,9;0,4;5,1%;8,7%;7,25;6,99;Q3-2025;8;18;5;4;0,1%;0,1%;-5,8%;7,1%;7,00;EUR;EUR;0,46;14,2%;-0,4%;23,2%;12,46
Innovative Solutions & Support;ISSC;USA;Industrials;Military & Defense;397;21,0;3,0;0,6;15,1%;13,3%;23,96;16,02;Q1-2026;8;14;5;5;40,6%;250,8%;-18,3%;81,2%;22,52;USD;USD;1,07;20,7%;33,2%;29,8%;28,69
International Seaways Inc;INSW;USA;Energy;Oil & Gas -Transportation;3719;12,0;3,7;0,3;21,1%;11,7%;67,03;51,69;Q4-2025;6;19;3;4;45,8%;126,2%;-1,5%;63,7%;75,38;USD;USD;6,27;13,8%;-36,8%;101,7%;126,96
Itafos Inc;IFOS;Canada;Food and Beverage;Farming;732;4,1;2,7;0,9;11,0%;11,1%;3,36;3,08;Q3-2025;7;17;4;4;23,5%;69,6%;23,8%;33,8%;3,80;CAD;USD;0,66;14,7%;31,5%;31,6%;8,02
Ituran Location & Control Ltd;ITRN;USA;Technology;Semiconductors;1018;17,9;2,2;0,7;17,5%;14,2%;48,03;41,20;Q3-2025;6;19;5;5;24,1%;41,5%;7,8%;43,7%;51,15;USD;USD;2,85;27,9%;12,0%;29,9%;63,34
Jensen-Group NV;JEN;Belgium;Industrials;Industrial Machinery;628;12,1;2,0;0,7;8,2%;7,0%;65,33;60,77;Q2-2025;7;16;5;4;8,9%;38,2%;-0,6%;11,4%;66,20;EUR;EUR;5,49;12,5%;17,2%;41,2%;115,94
John B Sanfilippo & Son Inc;JBSS;USA;Food and Beverage;Food Processing;960;13,6;2,3;0,7;4,6%;12,3%;78,47;69,66;Q2-2026;7;16;5;5;18,0%;16,5%;-0,8%;27,5%;82,19;USD;USD;6,03;16,3%;-4,7%;3,0%;87,70
Karat Packaging Inc;KRT;USA;Materials;Packaging;558;18,4;2,1;0,9;10,9%;10,3%;25,59;25,00;Q3-2025;6;12;5;5;11,3%;4,2%;13,6%;16,6%;27,83;USD;USD;1,51;15,0%;59,1%;10,5%;39,06
Kennametal Inc;KMT;USA;Industrials;Measuring & Analysis;2750;24,8;2,6;0,9;8,7%;4,5%;37,68;27,88;Q2-2026;8;16;5;5;29,1%;68,1%;-12,2%;67,8%;35,99;USD;USD;1,45;5,8%;21,2%;17,4%;32,38
Kirby Corp;KEX;USA;Industrials;Marine & Sea;7570;21,3;1,5;0,8;9,5%;2,5%;127,89;109,76;Q4-2025;8;13;3;5;23,8%;33,8%;2,2%;62,4%;135,92;USD;USD;6,37;2,9%;3,6%;27,7%;139,92
Krka DD;KN8;Germany;Health Care;Pharmaceuticals;7044;17,7;3,9;0,3;15,8%;12,6%;229,80;208,84;Q3-2025;7;22;5;5;10,1%;;-0,9%;9,5%;230,00;EUR;EUR;13,03;19,4%;5,6%;7,0%;170,34
M P Evans Group PLC;MPE;UK;Food and Beverage;Farming;799;10,3;3,4;0,2;25,3%;13,1%;14,44;13,11;Q2-2025;8;23;5;5;16,0%;;3,4%;13,9%;15,20;GBP;USD;2,03;16,5%;121,6%;40,2%;30,04
Miller Industries Inc;MLR;USA;Consumer Durables;Auto & Equipment;523;17,3;3,5;0,4;4,6%;6,3%;43,62;41,34;Q3-2025;6;16;5;4;10,5%;6,4%;6,3%;13,5%;45,69;USD;USD;2,64;10,0%;5,0%;0,2%;51,32
Miquel y Costas & Miquel SA;MCM;Spain;Materials;Packaging;540;12,0;3,1;0,3;11,2%;9,1%;14,16;14,16;Q4-2025;7;21;5;5;0,6%;9,2%;0,0%;0,0%;14,25;EUR;EUR;1,19;12,7%;-16,6%;1,2%;19,33
Movado Group Inc;MOV;USA;Consumer Durables;Accessories;529;24,0;4,1;0,5;6,1%;6,9%;24,09;19,97;Q3-2026;8;18;4;4;19,0%;41,0%;-3,7%;22,8%;23,77;USD;USD;0,99;14,2%;-6,8%;17,1%;21,34
Mueller Industries Inc;MLI;USA;Industrials;Industrial Components;12121;15,8;5,9;0,2;17,1%;23,4%;118,21;105,31;Q4-2025;7;22;5;5;5,1%;42,8%;-7,0%;10,1%;110,72;USD;USD;6,99;43,1%;33,5%;41,1%;186,60
Mueller Water Products Inc;MWA;USA;Industrials;Industrial Machinery;4324;21,4;4,0;0,8;12,7%;7,8%;28,35;25,90;Q1-2026;8;20;5;5;6,8%;7,6%;-6,9%;6,7%;27,65;USD;USD;1,29;12,0%;18,9%;24,0%;28,44
National Healthcare Corp;NHC;USA;Health Care;Healthcare Facilities;2518;21,0;1,8;0,4;7,2%;6,3%;158,70;129,25;Q4-2025;9;19;5;5;25,9%;73,9%;-4,9%;33,6%;162,75;USD;USD;7,76;9,4%;9,9%;23,1%;138,28
Navigator Holdings Ltd;NVGS;USA;Energy;Oil & Gas -Transportation;1361;13,2;1,2;0,8;11,6%;2,7%;19,28;17,12;Q3-2025;6;13;3;5;16,4%;51,0%;-6,3%;29,7%;19,92;USD;USD;1,51;3,2%;-12,1%;173,5%;32,01
NVE Corp;NVEC;USA;Technology;Semiconductors;335;23,6;34,8;0,0;52,1%;25,4%;68,04;67,50;Q3-2026;7;17;5;5;2,6%;9,0%;-0,8%;4,1%;69,28;USD;USD;2,93;40,1%;1,4%;3,9%;64,19
Odfjell Drilling;ODL;Norway;Energy;Oil & Gas -Drilling;24316;13,9;1,0;0,9;6,9%;5,1%;99,61;84,23;Q4-2025;7;17;5;5;20,4%;74,5%;-4,3%;30,7%;101,40;NOK;USD;0,72;6,3%;-198,3%;3,6%;75,11
Ogunsen;OGUN B;Sweden;Industrials;Outsourcing;331;23,3;1,8;1,0;6,0%;18,8%;29,49;27,61;Q4-2025;7;15;5;5;11,4%;7,9%;5,1%;25,5%;30,75;SEK;SEK;1,32;111,8%;7,6%;5,1%;22,37
Oil-Dri Corp of America;ODC;USA;Materials;Chemicals;940;17,3;3,3;0,4;9,5%;10,3%;63,36;58,97;Q1-2026;8;19;5;5;14,6%;45,0%;-2,1%;11,6%;67,57;USD;USD;3,91;14,3%;34,3%;37,2%;105,24
Orient Overseas Ltd;ORI1;Germany;Industrials;Marine & Sea;9945;4,4;2,7;0,4;12,6%;26,6%;15,29;14,62;Q2-2025;8;22;5;5;3,0%;7,6%;-7,9%;10,0%;15,06;EUR;USD;4,08;88,0%;6,9%;23,2%;52,27
Orion B;ORNBV;Finland;Health Care;Pharmaceuticals;10119;20,2;2,4;0,6;8,6%;20,2%;69,58;66,30;Q4-2025;6;18;5;5;8,1%;28,5%;6,2%;9,3%;71,70;EUR;EUR;3,55;31,0%;-3,3%;17,9%;62,23
Orkla;ORK;Norway;Food and Beverage;Food Processing;122876;18,0;1,4;0,7;12,4%;6,7%;121,18;111,54;Q4-2025;8;20;5;5;10,0%;6,4%;-5,7%;16,9%;122,70;NOK;NOK;6,83;8,6%;27,8%;9,4%;120,43
Pacific Basin Shipping Ltd;OYD;Germany;Industrials;Marine & Sea;1631;19,5;1,5;0,3;5,7%;14,3%;0,33;0,27;Q2-2025;6;16;4;5;16,0%;60,1%;-14,4%;22,9%;0,32;EUR;USD;0,02;20,5%;23,1%;19,5%;0,41
Pason Systems Inc;PSI;Canada;Energy;Oil & Gas - Services;1030;19,3;2,0;0,3;12,1%;16,1%;12,73;12,18;Q4-2025;6;17;5;5;7,7%;-1,5%;1,3%;9,7%;13,12;CAD;CAD;0,68;28,6%;-11,0%;53,4%;21,10
Perdoceo Education Corp;PRDO;USA;Industrials;Education;2432;15,2;5,1;0,3;28,8%;12,5%;33,65;32,27;Q4-2025;8;17;5;5;16,3%;43,7%;12,3%;1,0%;37,53;USD;USD;2,47;39,2%;3,8%;6,7%;34,50
Petrolia;PSE;Norway;Energy;Oil & Gas - Services;352;9,7;2,7;0,4;13,9%;2,0%;5,11;4,66;Q2-2025;6;12;2;5;27,9%;41,9%;23,7%;17,3%;5,96;NOK;USD;0,06;3,5%;16,4%;35,1%;15,41
Photronics Inc;PLAB;USA;Technology;Semiconductors;2435;17,8;5,4;0,1;11,9%;7,3%;36,96;27,44;Q4-2025;6;15;5;5;48,8%;100,4%;10,6%;66,2%;40,85;USD;USD;2,29;13,0%;-32,2%;34,5%;38,99
Premier Foods PLC;PFD;UK;Food and Beverage;Food Processing;1647;12,4;1,4;0,6;8,2%;4,6%;1,90;1,85;Q2-2026;9;19;5;5;1,1%;1,0%;-2,9%;1,7%;1,87;GBP;GBP;0,15;5,6%;-15,6%;3,9%;1,81
Prevas;PREV B;Sweden;Technology;IT Consulting;1098;15,5;1,2;1,0;4,5%;9,4%;85,98;81,37;Q4-2025;6;16;5;5;4,7%;-15,0%;0,5%;30,9%;85,20;SEK;SEK;5,49;15,8%;-4,2%;3,8%;138,00
Puma Biotechnology Inc;PBYI;USA;Health Care;Biotechnology;345;11,1;2,0;0,7;18,3%;5,0%;6,52;5,25;Q4-2025;7;12;3;4;31,3%;135,5%;7,5%;32,2%;6,90;USD;USD;0,62;49,4%;30,8%;19,2%;11,21
Revolutionrace;RVRC;Sweden;Consumer Durables;Clothing & Footwear;7154;23,1;1,9;0,4;15,8%;18,5%;65,57;56,72;Q2-2026;7;17;5;5;17,5%;48,0%;-0,5%;34,2%;66,65;SEK;SEK;2,88;29,1%;11,0%;13,6%;57,81
SandRidge Energy Inc;SD;USA;Energy;Oil & Gas -Exploration;570;8,6;2,2;0,3;37,6%;21,1%;16,66;13,39;Q3-2025;9;19;4;5;15,4%;34,9%;-12,2%;36,7%;15,45;USD;USD;1,80;43,0%;-2,5%;17,4%;27,47
Scanfil;SCANFL;Finland;Technology;Semiconductors;762;18,5;2,0;0,9;5,6%;7,3%;11,45;10,68;Q4-2025;6;15;5;4;8,8%;28,7%;-0,7%;10,9%;11,62;EUR;EUR;0,63;13,8%;-2,0%;1,3%;11,17
Scorpio Tankers Inc;STNG;USA;Energy;Oil & Gas -Transportation;3542;12,2;4,8;0,3;58,1%;9,3%;70,25;57,14;Q3-2025;6;20;4;5;33,8%;100,6%;-2,4%;35,8%;76,43;USD;USD;6,26;11,6%;23,3%;29,5%;134,75
Sea1 Offshore;SEA1;Norway;Energy;Oil & Gas - Services;5405;4,7;1,5;0,9;49,3%;12,9%;27,65;24,67;Q4-2025;6;16;4;5;42,7%;78,1%;30,4%;60,0%;35,20;NOK;USD;0,74;17,2%;-14,8%;15,1%;90,34
Sea1 Offshore Inc;S5H0;Germany;Energy;Oil & Gas - Services;436;4,5;1,5;0,9;24,1%;12,9%;2,44;2,10;Q4-2025;7;17;4;5;35,3%;69,2%;17,4%;53,0%;2,84;EUR;USD;0,74;17,0%;-30,1%;15,1%;14,36
Sipef SA;SIP;Belgium;Food and Beverage;Farming;1018;9,5;2,7;0,2;10,1%;8,5%;88,67;78,27;Q4-2025;9;20;5;5;24,9%;59,3%;12,7%;34,0%;97,80;EUR;USD;12,05;9,9%;53,1%;54,7%;164,73
Snap-on Inc;SNA;USA;Industrials;Measuring & Analysis;19047;18,7;4,8;0,4;22,8%;12,8%;373,06;344,91;Q4-2025;6;20;5;5;6,0%;7,7%;-6,2%;4,7%;365,58;USD;USD;19,52;17,6%;9,7%;11,1%;327,46
StealthGas Inc;GASS;USA;Industrials;Marine & Sea;340;5,6;5,0;0,0;34,1%;5,1%;8,68;7,34;Q3-2025;7;16;4;5;30,0%;63,6%;9,9%;47,9%;9,54;USD;USD;1,69;6,1%;79,2%;40,4%;19,37
Stella-Jones Inc;SJ;Canada;Materials;Forest & Wood Products;5184;15,3;7,3;1,0;9,4%;8,3%;94,77;84,62;Q3-2025;7;21;5;5;10,2%;36,0%;-2,2%;14,7%;93,26;CAD;CAD;6,11;9,1%;9,6%;14,4%;105,61
Strategic Education Inc;STRA;USA;Industrials;Education;1904;15,0;1,3;0,2;11,2%;3,9%;80,99;80,81;Q4-2025;7;14;5;5;3,5%;-1,3%;-0,9%;-2,8%;83,68;USD;USD;5,57;4,8%;1,5%;7,9%;93,51
Strattec Security Corp;STRT;USA;Consumer Durables;Auto & Equipment;317;11,7;2,6;0,5;4,8%;3,3%;82,57;72,94;Q2-2026;8;12;4;5;7,1%;97,8%;-10,7%;14,4%;78,11;USD;USD;6,70;6,5%;-5,0%;2,4%;69,28
Subsea 7 SA;SOC;Germany;Energy;Oil & Gas - Services;7695;22,0;1,1;0,8;6,1%;1,8%;22,86;18,41;Q4-2025;8;14;4;5;41,3%;76,3%;9,4%;44,8%;26,02;EUR;USD;1,39;3,3%;69,2%;18,9%;103,37
Subsea7;SUBC;Norway;Energy;Oil & Gas - Services;87843;21,2;1,1;0,8;8,2%;1,8%;256,85;213,71;Q4-2025;8;15;4;5;37,2%;74,9%;6,7%;40,6%;293,20;NOK;USD;1,37;3,3%;37,1%;19,2%;311,18
Tenaris SA;TW10;Germany;Energy;Oil & Gas - Services;26452;15,5;4,1;0,2;19,5%;12,1%;21,99;17,58;Q3-2025;6;21;4;5;40,2%;37,7%;6,4%;56,6%;24,65;EUR;USD;1,86;16,4%;56,3%;40,3%;58,44
The North West Co Inc;NWC;Canada;Food and Beverage;Food Retail;2587;18,1;2,3;1,0;4,4%;9,8%;53,69;49,66;Q3-2026;7;16;5;5;8,8%;7,0%;-3,5%;14,5%;54,05;CAD;CAD;2,99;12,9%;-9,0%;0,8%;35,17
Tidewater Inc;TDW;USA;Energy;Oil & Gas - Services;4223;12,6;2,9;0,8;27,6%;2,8%;73,63;58,58;Q4-2025;7;12;2;5;44,0%;96,4%;5,6%;60,0%;84,38;USD;USD;6,69;4,6%;52,9%;27,6%;166,37
Toll Brothers Inc;TLK;Germany;Industrials;Homebuilding;11411;9,8;4,3;0,7;11,9%;10,4%;125,64;116,78;Q1-2026;6;23;5;5;0,0%;20,5%;-11,8%;-1,8%;116,80;EUR;USD;14,07;14,9%;17,3%;15,9%;226,43
Total Energy Services Inc;TOT;Canada;Energy;Oil & Gas - Services;828;13,6;1,4;0,7;7,9%;4,3%;18,60;14,28;Q3-2025;8;15;3;5;53,9%;122,0%;19,1%;51,5%;21,98;CAD;CAD;1,62;6,0%;19,1%;34,4%;38,10
United Therapeutics Corp;UTHR;USA;Health Care;Pharmaceuticals;25021;18,7;6,6;0,1;35,6%;13,6%;504,75;426,45;Q4-2025;7;15;5;5;32,4%;84,0%;9,9%;27,4%;564,81;USD;USD;30,13;27,4%;12,5%;20,9%;548,64
Utah Medical Products Inc;UTMD;USA;Health Care;Medical Equipment;207;17,8;32,1;0,0;39,9%;11,8%;63,97;59,83;Q3-2025;6;16;5;5;5,5%;12,7%;-5,9%;-1,2%;63,12;USD;USD;3,54;36,7%;-2,2%;3,7%;47,52
Viscofan SA;VIS;Spain;Materials;Packaging;2771;17,3;2,0;0,5;12,8%;10,8%;57,87;57,01;Q4-2025;6;18;5;5;6,5%;-5,9%;3,6%;4,7%;60,70;EUR;EUR;3,50;15,1%;2,8%;5,8%;58,86
Weyco Group Inc;WEYS;USA;Consumer Durables;Clothing & Footwear;307;12,5;9,0;0,2;11,6%;8,7%;32,03;31,10;Q3-2025;6;19;4;4;4,1%;7,6%;2,0%;9,2%;32,37;USD;USD;2,58;12,5%;54,7%;37,8%;71,61
Wilh. Wilhelmsen B;WWIB;Norway;Industrials;Marine & Sea;27612;4,2;1,4;0,3;27,9%;9,9%;633,30;521,88;Q4-2025;7;20;5;5;24,9%;78,6%;-1,2%;32,5%;652,00;NOK;USD;15,52;12,7%;11,0%;43,8%;2367,50
Winpak Ltd;WPK;Canada;Materials;Packaging;2749;14,6;6,3;0,2;8,6%;8,8%;46,41;43,97;Q4-2025;6;20;5;5;2,4%;13,1%;-6,0%;9,4%;45,00;CAD;USD;2,25;14,3%;1,1%;6,5%;46,95
Yara International;YAR;Norway;Materials;Chemicals;142901;10,4;1,7;1,0;5,0%;5,3%;487,09;406,86;Q4-2025;7;18;5;5;37,9%;77,6%;16,7%;51,5%;561,00;NOK;USD;5,37;7,5%;-14,7%;15,8%;870,33
Yue Yuen Industrial Ltd;YUE1;Germany;Consumer Durables;Clothing & Footwear;2618;8,1;2,1;0,5;4,4%;3,8%;1,82;1,60;Q2-2025;7;17;4;5;1,6%;7,9%;-14,7%;14,0%;1,63;EUR;USD;0,24;6,2%;-1,6%;44,0%;3,56
Yum China Holdings Inc;YUMC;USA;Consumer Durables;Restaurants & Cafés;18151;19,5;1,0;0,8;10,7%;7,0%;52,70;47,49;Q4-2025;7;19;5;5;3,6%;-7,1%;-8,1%;14,9%;49,19;USD;USD;2,52;11,8%;6,9%;4,6%;42,49
ZEAL Network SE;TIMA;Germany;Consumer Durables;Gambling & Casinos;1018;21,2;1,5;1,0;30,2%;6,5%;48,92;48,14;Q3-2025;6;17;5;5;1,8%;12,6%;-0,2%;1,0%;49,00;EUR;EUR;2,31;12,1%;61,4%;44,2%;76,41
Zoom Communications Inc;ZM;USA;Technology;IT Services;24749;13,0;4,3;0,2;41,5%;10,2%;83,63;81,79;Q4-2026;7;16;5;5;0,7%;11,3%;13,3%;0,1%;82,36;USD;USD;6,32;95,9%;14,2%;21,7%;127,08
ZTO Express Inc;ZTOB;Germany;Industrials;Rail & Highway;15926;15,1;1,4;0,4;16,6%;9,1%;19,89;17,24;Q3-2025;7;22;5;5;15,4%;8,7%;-0,5%;25,9%;19,90;EUR;;11,04;17,7%;38,2%;15,3%;20,45
;;;;;;;;;;;;;;;;;;;;;;;;;;;;;
;;;;;;;;;;;;;;;;;;;;;;;;;;;;;
;;;;;;;;;;;;;;;;;;;;;;;;;;;;;
;;;;;;;;;;;;;;;;;;;;;;;;;;;;;
;;;;;;;;;;;;;;;;;;;;;;;;;;;;;
;;;;;;;;;;;;;;;;;;;;;;;;;;;;;
;;;;;;;;;;;;;;;;;;;;;;;;;;;;;
;;;;;;;;;;;;;;;;;;;;;;;;;;;;;
;;;;;;;;;;;;;;;;;;;;;;;;;;;;;
;;;;;;;;;;;;;;;;;;;;;;;;;;;;;
;;;;;;;;;;;;;;;;;;;;;;;;;;;;;
;;;;;;;;;;;;;;;;;;;;;;;;;;;;;
;;;;;;;;;;;;;;;;;;;;;;;;;;;;;
;;;;;;;;;;;;;;;;;;;;;;;;;;;;;
;;;;;;;;;;;;;;;;;;;;;;;;;;;;;
;;;;;;;;;;;;;;;;;;;;;;;;;;;;;
;;;;;;;;;;;;;;;;;;;;;;;;;;;;;
;;;;;;;;;;;;;;;;;;;;;;;;;;;;;
;;;;;;;;;;;;;;;;;;;;;;;;;;;;;
;;;;;;;;;;;;;;;;;;;;;;;;;;;;;
;;;;;;;;;;;;;;;;;;;;;;;;;;;;;
;;;;;;;;;;;;;;;;;;;;;;;;;;;;;
;;;;;;;;;;;;;;;;;;;;;;;;;;;;;
;;;;;;;;;;;;;;;;;;;;;;;;;;;;;
;;;;;;;;;;;;;;;;;;;;;;;;;;;;;
;;;;;;;;;;;;;;;;;;;;;;;;;;;;;
;;;;;;;;;;;;;;;;;;;;;;;;;;;;;
;;;;;;;;;;;;;;;;;;;;;;;;;;;;;
;;;;;;;;;;;;;;;;;;;;;;;;;;;;;
;;;;;;;;;;;;;;;;;;;;;;;;;;;;;
;;;;;;;;;;;;;;;;;;;;;;;;;;;;;
;;;;;;;;;;;;;;;;;;;;;;;;;;;;;
;;;;;;;;;;;;;;;;;;;;;;;;;;;;;
;;;;;;;;;;;;;;;;;;;;;;;;;;;;;
;;;;;;;;;;;;;;;;;;;;;;;;;;;;;
;;;;;;;;;;;;;;;;;;;;;;;;;;;;;
;;;;;;;;;;;;;;;;;;;;;;;;;;;;;
;;;;;;;;;;;;;;;;;;;;;;;;;;;;;
;;;;;;;;;;;;;;;;;;;;;;;;;;;;;
;;;;;;;;;;;;;;;;;;;;;;;;;;;;;
;;;;;;;;;;;;;;;;;;;;;;;;;;;;;
;;;;;;;;;;;;;;;;;;;;;;;;;;;;;
;;;;;;;;;;;;;;;;;;;;;;;;;;;;;
;;;;;;;;;;;;;;;;;;;;;;;;;;;;;
