Company;P/E - Current;Info - Country;Info - Industry;Info - Ticker;ROE - Current;Debt-Equity - Current;FCF margin - Current;Market Cap - Current USD;Performance - Perform. 1y;RS Rank - L - 0-100;Price / MA - MA 50d;Price / MA - MA 150d;Price / MA - MA 200d;MA - 50/150;MA -  50/200;MA - 150/200;MA200 - Trend 1m;Stock price - Price/L 1y;Stock price - Price/H 1y;FS & G & Div. - Point;Earnings - Stable 5y;OP Cash F. - Stable 5y;Stock price - Current;Stock price - Current;Info - Price Currency;Info - Report Currency;Earnings/share - Current;ROIC - Average 3y;FCF growth - Growth 5y;Earnings g. - Growth 3y;Fair value
Acomo NV;11,6;Netherlands;Food Retail;ACOMO;16,70%;1,1;7,80%;891,5;26,70%;68;4,20%;10,50%;13,10%;6,10%;8,50%;2,30%;1,60%;41%;0%;16;5;4;27,25;27,25;EUR;EUR;2,34;9,20%;19,90%;8,10%;32,7
ACT Energy Technologies Ltd;8,6;Canada;Oil & Gas -Drilling;ACX;11,00%;0,8;5,90%;172,8;32,40%;67;7,80%;27,80%;30,40%;18,60%;21,00%;2,00%;3,60%;65%;11%;9;3;4;6,86;6,86;CAD;CAD;0,8;10,00%;22,40%;1,30%;10,56
American Public Education Inc;42,4;USA;Education;APEI;11,40%;0,9;12,60%;1032,6;154,70%;95;20,50%;43,90%;53,60%;19,50%;27,50%;6,70%;8,10%;178%;3%;12;3;5;57,66;57,66;USD;USD;1,36;1,60%;15,00%;30,50%;25,36
Applied Materials Inc;35,5;USA;Semiconductors;AMAT;36,10%;0,7;19,40%;278340,4;139,20%;93;0,80%;28,20%;39,80%;27,30%;38,70%;9,00%;9,20%;182%;12%;21;5;5;348,47;348,47;USD;USD;9,81;38,60%;0,40%;6,30%;198,63
Atria;12;Finland;Food Processing;ATRAV;8,90%;1,2;3,80%;536,4;40,20%;91;0,40%;13,90%;17,30%;13,50%;16,80%;2,90%;3,80%;50%;8%;14;2;5;17,25;17,25;EUR;EUR;1,44;2,80%;3,40%;113,10%;39,48
Baker Hughes Co;23;USA;Oil & Gas - Services;BKR;13,60%;1,2;7,70%;59655,4;34,80%;83;0,70%;16,60%;22,50%;15,70%;21,60%;5,10%;5,50%;80%;10%;11;2;5;60,38;60,38;USD;USD;2,62;11,30%;90,70%;84,60%;79,93
Biosyent Inc;19,5;Canada;Pharmaceuticals;RX;21,60%;0,2;25,40%;124,7;36,60%;57;5,80%;19,80%;23,60%;13,20%;16,80%;3,20%;4,20%;51%;6%;17;5;5;14,89;14,89;CAD;CAD;0,76;50,70%;24,40%;19,80%;16,7
Björn Borg;19,4;Sweden;Clothing & Footwear;BORG;25,50%;1;4,10%;178,3;35,60%;84;11,00%;13,40%;15,10%;2,10%;3,70%;1,50%;1,70%;65%;2%;18;5;5;70,9;70,9;SEK;SEK;3,66;20,10%;-20,30%;21,90%;77,88
BK Technologies Corp;23,4;USA;Communications;BKTI;31,70%;0,6;20,50%;304,6;112,40%;86;3,60%;10,20%;21,10%;6,50%;16,90%;9,80%;6,40%;134%;6%;8;2;3;83,82;83,82;USD;USD;3,58;22,00%;46,20%;44,90%;142,61
Bloomsbury Publishing PLC;20,7;UK;Broadcasting & Publishing;BMY;10,90%;0,8;3,60%;587,5;-3,50%;72;12,90%;15,50%;15,70%;2,30%;2,40%;0,20%;0,80%;31%;12%;17;5;5;5,73;5,73;GBP;GBP;0,28;14,80%;-6,10%;3,50%;5,28
Boston Pizza Royalties Income;12,4;Canada;Restaurants & Cafés;BPF.UN;14,50%;0,5;61,00%;385,3;43,40%;52;0,70%;9,30%;12,50%;8,50%;11,70%;2,90%;3,00%;58%;5%;17;5;5;24,47;24,47;CAD;CAD;1,98;9,20%;9,10%;11,70%;31,89
Carpenter Technology Corp;45,1;USA;Industrial Components;CRS;21,90%;0,8;15,40%;19634,2;114,30%;89;4,70%;22,60%;28,20%;17,10%;22,50%;4,60%;5,90%;182%;7%;17;3;5;391,51;391,51;USD;USD;8,68;12,10%;52,00%;96,20%;301,68
Cembre SpA;25,2;Germany;Electrical Components;J0L;20,90%;0,3;12,80%;1264;48,60%;71;0,30%;6,10%;8,20%;5,80%;7,90%;2,00%;2,00%;67%;9%;18;5;5;68,3;68,3;EUR;EUR;2,71;20,80%;7,10%;12,50%;48,63
CES Energy Solutions Corp;22,1;Canada;Oil & Gas - Services;CEU;22,10%;1;5,50%;2917,6;135,90%;86;6,50%;40,10%;56,30%;31,50%;46,80%;11,60%;13,40%;216%;10%;14;4;3;17,69;17,69;CAD;CAD;0,8;14,60%;27,80%;29,30%;15,16
Cheffelo;22,2;Sweden;Food Processing;CHEF;13,00%;0,6;9,50%;129,4;158,90%;97;2,00%;19,20%;31,90%;16,90%;29,40%;10,70%;6,70%;190%;10%;10;4;4;99,4;99,4;SEK;SEK;4,47;8,30%;-0,50%;33,30%;55,72
Cirrus Logic Inc;18,8;USA;Semiconductors;CRUS;19,20%;0,2;26,30%;7602,6;47,40%;81;6,60%;15,40%;20,20%;8,30%;12,80%;4,20%;3,50%;94%;5%;19;5;5;147,13;147,13;USD;USD;7,83;22,50%;14,60%;35,00%;155,38
Cloetta;19,2;Sweden;Food Processing;CLA B;13,90%;0,8;10,90%;1538,3;82,70%;95;6,60%;29,40%;36,50%;21,40%;28,00%;5,50%;5,50%;103%;2%;17;5;5;53,3;53,3;SEK;SEK;2,78;7,20%;20,30%;42,60%;64,21
Costain Group PLC;16,3;UK;Construction & Infrastructure;COST;12,90%;1,2;4,10%;642,2;76,50%;92;3,10%;18,60%;20,30%;15,10%;16,70%;1,40%;4,40%;112%;6%;8;3;4;1,91;1,91;GBP;GBP;0,12;30,50%;20,60%;7,60%;3,27
D-Box Technologies Inc;11;Canada;Electronic Equipment;DBO;50,50%;0,5;20,00%;133,4;400,00%;91;3,70%;20,10%;38,50%;15,90%;33,60%;15,30%;11,30%;493%;20%;9;2;3;0,8;0,8;CAD;CAD;0,07;40,00%;29,80%;172,60%;1,05
DHT Holdings Inc;15;USA;Oil & Gas -Transportation;DHT;18,20%;0,3;60,90%;3000,7;76,70%;92;11,20%;33,40%;40,30%;20,00%;26,20%;5,20%;5,90%;107%;9%;19;4;5;18,66;18,66;USD;USD;1,24;13,90%;-6,10%;49,60%;20,76
Diploma PLC;44,9;UK;Industrial Components;DPLM;18,60%;0,8;15,50%;10470,3;58,20%;85;12,00%;13,50%;14,90%;1,30%;2,60%;1,30%;1,90%;75%;1%;22;5;5;61,97;61,97;GBP;GBP;1,38;10,30%;24,60%;21,90%;38,89
Draegerwerk AG & Co KGaA;14;Germany;Medical Equipment;DRW3;8,00%;1;3,10%;1859,2;32,20%;79;1,40%;18,30%;21,50%;16,60%;19,80%;2,80%;3,20%;60%;4%;17;4;4;90;90;EUR;EUR;6,42;6,50%;-23,20%;56,70%;104,6
DT Midstream Inc;30,9;USA;Oil & Gas -Transportation;DTM;9,00%;1,1;37,50%;13620,5;36,70%;76;0,40%;11,30%;15,30%;10,90%;14,90%;3,60%;3,30%;61%;7%;14;5;5;134,06;134,06;USD;USD;4,34;4,30%;30,80%;4,30%;73,35
El Pollo Loco Holdings Inc;15,8;USA;Restaurants & Cafés;LOCO;9,20%;1,1;4,50%;404,9;33,30%;83;18,80%;28,40%;28,80%;8,10%;8,40%;0,30%;3,10%;68%;4%;11;5;5;13,89;13,89;USD;USD;0,88;5,00%;-10,80%;15,60%;13,51
Element Solutions Inc;43,1;USA;Chemicals;ESI;7,10%;0,9;12,00%;8247,4;51,00%;84;5,50%;20,70%;25,30%;14,40%;18,80%;3,80%;4,90%;103%;10%;16;5;5;34,08;34,08;USD;USD;0,79;4,50%;4,50%;1,70%;18,31
Elmos Semiconductor SE;20,7;Germany;Semiconductors;ELG;20,10%;0,3;13,20%;2823,8;153,10%;90;13,10%;44,00%;49,40%;27,40%;32,10%;3,70%;8,80%;214%;2%;18;5;5;149,6;149,6;EUR;EUR;7,23;21,30%;93,00%;20,10%;300,97
ENAV SpA;26,6;Germany;Airlines;ENV;9,00%;0,7;27,20%;2975;47,40%;75;3,50%;12,20%;16,40%;8,40%;12,40%;3,70%;2,40%;54%;6%;15;5;3;5,27;5,27;EUR;EUR;0,2;7,00%;21,80%;1,40%;4,16
EnerSys;21,7;USA;Electrical Components;ENS;16,50%;1,1;9,10%;6759,5;91,80%;90;3,20%;22,30%;34,60%;18,50%;30,40%;10,00%;7,30%;132%;9%;19;5;4;177,35;177,35;USD;USD;8,19;11,70%;15,30%;23,90%;160,73
Espey Manufacturing & Electronics;15,8;USA;Electrical Components;ESP;18,10%;0,6;12,60%;152,2;107,20%;87;0,90%;20,50%;21,00%;19,50%;19,90%;0,40%;4,60%;128%;9%;12;4;5;56,76;56,76;USD;USD;3,59;80,00%;26,60%;33,80%;75,85
Etablissements Maurel & Prom;10,9;France;Oil & Gas -Exploration;MAU;19,10%;0,7;6,60%;2392,9;129,20%;97;23,80%;73,40%;81,80%;40,10%;46,80%;4,80%;11,70%;181%;5%;16;4;5;10,92;10,92;EUR;USD;1,18;16,60%;23,20%;4,60%;14,11
Euroseas Ltd;3,9;USA;Marine & Sea;ESEA;28,20%;0,6;26,10%;467,1;111,50%;87;8,90%;13,40%;17,20%;4,20%;7,60%;3,30%;5,60%;156%;8%;16;5;5;67,28;67,28;USD;USD;17,4;27,90%;59,20%;5,60%;250,03
Evertz Technologies Ltd;18,8;Germany;Communications;74E;23,70%;0,7;20,70%;824,5;45,60%;77;3,70%;17,60%;20,90%;13,30%;16,60%;2,90%;3,20%;62%;5%;16;5;5;9,9;9,9;EUR;CAD;0,85;34,40%;18,30%;0,40%;15,47
Filtronic PLC;44,4;Germany;Communications;FTI;25,80%;0,4;4,90%;554,8;87,00%;82;5,70%;28,90%;30,90%;21,90%;23,90%;1,60%;3,40%;166%;4%;11;5;5;2,3;2,3;EUR;GBP;0,05;38,90%;9,20%;174,30%;4,42
Firan Technology Group Corp;40;Canada;Military & Defense;FTG;13,50%;0,8;11,50%;386,3;177,60%;86;17,70%;52,50%;58,30%;29,60%;34,50%;3,70%;8,20%;210%;4%;10;5;5;20,79;20,79;CAD;CAD;0,52;11,90%;19,30%;158,80%;20,3
Games Workshop Group PLC;28,1;UK;Leisure;GAW;64,70%;0,4;32,20%;7296,2;24,00%;68;1,50%;3,30%;5,10%;1,80%;3,50%;1,70%;1,00%;43%;12%;22;5;5;175,6;175,6;GBP;GBP;6,26;98,10%;12,20%;15,20%;99,87
Garmin Ltd;27,5;USA;Semiconductors;GRMN;18,50%;0,2;24,80%;45739,8;9,20%;65;4,10%;6,40%;6,50%;2,20%;2,20%;0,00%;1,80%;40%;9%;22;5;5;237,65;237,65;USD;USD;8,65;24,90%;12,10%;19,60%;162,72
Gaztransport et technigaz SA;18,2;France;Oil & Gas - Services;GTT;70,10%;0,8;55,90%;8297,8;46,10%;88;6,50%;17,50%;19,30%;10,30%;12,00%;1,60%;2,50%;83%;5%;18;5;5;203,6;203,6;EUR;EUR;11,16;204,90%;17,40%;47,50%;234,61
Global Ship Lease Inc;3,4;USA;Marine & Sea;GSL;23,70%;0,6;2,90%;1367,4;66,20%;82;0,60%;11,20%;16,30%;10,50%;15,60%;4,60%;4,70%;117%;7%;19;5;5;38,41;38,41;USD;USD;11,14;19,10%;-29,00%;12,90%;136,5
Gorman-Rupp Co;30,9;USA;Industrial Machinery;GRC;12,80%;1,1;12,10%;1643,5;73,90%;88;1,80%;21,30%;28,80%;19,20%;26,50%;6,20%;6,10%;102%;8%;17;5;5;62,5;62,5;USD;USD;2,02;5,80%;17,20%;67,50%;51,83
Gulfport Energy Corp;9,5;USA;Oil & Gas -Exploration;GPOR;23,30%;0,7;22,50%;3772,2;9,50%;61;1,90%;5,90%;8,20%;3,90%;6,10%;2,20%;0,70%;35%;8%;14;2;5;207;207;USD;USD;21,74;18,70%;125,80%;2,10%;581,76
Halma PLC;42;UK;Industrial Components;HLMA;17,50%;0,7;10,20%;18367,5;46,50%;78;1,50%;7,20%;10,00%;5,60%;8,30%;2,60%;2,80%;67%;8%;22;5;5;38,59;38,59;GBP;GBP;0,92;12,00%;2,50%;14,00%;27,95
Harju Elekter Group;10;Germany;Electrical Components;HD8;10,90%;0,7;5,90%;118,1;31,20%;75;7,60%;21,30%;23,10%;12,80%;14,50%;1,50%;2,60%;36%;4%;13;4;4;5,8;5,8;EUR;EUR;0,58;5,70%;16,90%;57,00%;16,29
Headwater Exploration Inc;17,1;Canada;Oil & Gas -Exploration;HWX;23,00%;0,3;13,90%;2197;93,80%;77;3,50%;31,10%;40,60%;26,70%;35,90%;7,30%;8,70%;163%;8%;11;5;5;12,5;12,5;CAD;CAD;0,73;26,00%;28,70%;0,90%;15,72
Hemisphere Energy Corp;8,3;Germany;Oil & Gas -Exploration;N4Q1;38,30%;0,6;38,90%;173,2;39,30%;80;12,50%;23,60%;27,00%;9,90%;12,90%;2,80%;4,40%;57%;12%;15;4;5;1,63;1,63;EUR;EUR;0,32;37,30%;36,00%;15,10%;3,86
Hologic Inc;31,3;USA;Medical Equipment;HOLX;10,40%;0,8;23,10%;16997,5;23,20%;66;0,50%;3,60%;6,10%;3,10%;5,60%;2,40%;2,40%;46%;0%;14;5;5;75,65;75,65;USD;USD;2,42;10,90%;-12,60%;9,40%;51,63
Hydratec Industries NV;11,3;Netherlands;Industrial Machinery;HYDRA;20,60%;0,9;10,00%;300,1;27,30%;77;6,70%;15,20%;18,00%;7,90%;10,50%;2,40%;2,70%;32%;4%;19;5;5;210;210;EUR;EUR;18,55;17,60%;15,70%;14,60%;474,17
Höegh Autoliners;5,2;Norway;Marine & Sea;HAUTO;40,30%;0,8;29,20%;2682,2;83,90%;92;14,90%;32,10%;33,50%;14,90%;16,20%;1,10%;5,20%;144%;1%;17;4;4;140,6;140,6;NOK;USD;2,69;35,80%;;19,80%;190,33
IES Holdings Inc;28,3;USA;Construction & Infrastructure;IESC;35,30%;0,7;7,70%;9597,7;185,70%;92;2,90%;14,50%;21,60%;11,30%;18,20%;6,20%;6,10%;229%;10%;12;5;5;482,5;482,5;USD;USD;17,04;40,90%;23,10%;55,00%;509,71
Innoviva Inc;5,7;USA;Biotechnology;INVA;23,10%;0,4;51,20%;1549,4;28,10%;77;4,00%;12,60%;13,70%;8,30%;9,40%;1,00%;1,40%;39%;9%;17;5;5;22,99;22,99;USD;USD;4,02;16,00%;-0,70%;9,40%;55,6
Itafos Inc;4,1;Canada;Farming;IFOS;28,80%;0,9;9,80%;541,9;69,60%;66;12,90%;21,20%;23,50%;7,40%;9,30%;1,80%;5,40%;91%;18%;17;4;4;3,8;3,8;CAD;USD;0,66;12,90%;31,50%;2,70%;8,02
ITT Inc;31,4;USA;Industrial Machinery;ITT;11,90%;0,5;14,90%;15340,1;47,30%;75;0,20%;5,30%;8,50%;5,20%;8,30%;3,00%;2,50%;83%;8%;20;5;4;193,2;193,2;USD;USD;6,15;16,50%;14,70%;11,60%;154,85
Ituran Location & Control Ltd;17,9;USA;Semiconductors;ITRN;25,90%;0,7;16,70%;1017,5;41,50%;82;6,50%;21,90%;24,10%;14,40%;16,60%;1,90%;3,60%;70%;4%;19;5;5;51,15;51,15;USD;USD;2,85;30,80%;12,00%;16,10%;58,1
JDE Peets NV;19,4;Netherlands;Food Processing;JDEP;7,10%;1,1;10,60%;16982,7;56,00%;70;0,30%;0,70%;5,50%;0,40%;5,20%;4,70%;3,20%;65%;1%;17;5;5;31,8;31,8;EUR;EUR;1,64;3,60%;4,90%;1,50%;26,46
Jenoptik AG;23,8;Germany;Semiconductors;JEN;7,40%;0,7;9,20%;1778;46,80%;83;5,70%;30,70%;34,90%;23,70%;27,70%;3,30%;4,50%;97%;5%;14;5;5;28,28;28,28;EUR;EUR;1,19;6,00%;13,80%;3,30%;27,83
Jensen-Group NV;12,1;Belgium;Industrial Machinery;JEN;18,00%;0,7;8,30%;690,3;38,20%;85;1,30%;7,20%;8,90%;5,80%;7,50%;1,60%;2,80%;64%;10%;16;5;4;66,2;66,2;EUR;EUR;5,49;14,70%;17,20%;37,40%;113,91
John B Sanfilippo & Son Inc;13,6;USA;Food Processing;JBSS;19,00%;0,7;4,00%;959,6;16,50%;76;4,70%;15,40%;18,00%;10,20%;12,60%;2,20%;2,60%;41%;3%;16;5;5;82,19;82,19;USD;USD;6,03;14,60%;-4,70%;3,60%;87,77
Kendrion NV;19,4;Netherlands;Industrial Machinery;KENDR;12,70%;0,8;9,80%;291,3;56,60%;88;5,40%;15,00%;21,90%;9,00%;15,60%;6,00%;4,50%;85%;3%;14;3;5;16,88;16,88;EUR;EUR;0,87;3,60%;0,20%;31,60%;14,73
Kirby Corp;21,3;USA;Marine & Sea;KEX;10,50%;0,8;14,30%;7569,9;33,80%;82;6,30%;23,40%;23,80%;16,10%;16,50%;0,40%;2,10%;71%;1%;13;3;5;135,92;135,92;USD;USD;6,37;5,60%;3,60%;46,20%;150,31
KWS SAAT SE & Co KGaA;13;Germany;Farming;KWS;12,10%;0,8;10,20%;2729,5;34,00%;69;9,50%;11,00%;13,00%;1,40%;3,20%;1,80%;1,80%;49%;1%;20;5;5;74,9;74,9;EUR;EUR;5,78;10,60%;8,40%;14,80%;85,57
L3Harris Technologies Inc;41,5;USA;Military & Defense;LHX;8,20%;1,1;12,20%;66714,4;69,70%;83;0,40%;13,60%;18,10%;13,10%;17,60%;4,00%;4,70%;82%;6%;21;5;5;356;356;USD;USD;8,57;4,30%;5,40%;15,70%;242,66
LeMaitre Vascular Inc;42,5;USA;Medical Equipment;LMAT;14,70%;0,6;30,50%;2456;27,40%;82;10,00%;19,20%;20,50%;8,40%;9,60%;1,10%;3,40%;52%;6%;21;5;5;108,49;108,49;USD;USD;2,55;20,10%;17,10%;39,50%;77,37
Ligand Pharmaceuticals Inc;31;USA;Biotechnology;LGND;12,20%;0,5;18,90%;3859,7;90,40%;85;0,70%;4,50%;12,80%;3,80%;12,00%;7,90%;6,90%;113%;12%;9;2;5;199,59;199,59;USD;USD;6,44;8,10%;-7,20%;183,50%;235,94
Limes Schlosskliniken AG;31,3;Germany;Healthcare Facilities;LIK;19,50%;0,9;2,20%;158,1;75,00%;82;4,30%;24,60%;27,10%;19,40%;21,90%;2,10%;5,20%;12594%;6%;11;4;5;490;490;EUR;EUR;15,67;16,20%;22,20%;3,00%;301,26
Liquidity Services Inc;32,5;USA;Retailers;LQDT;13,80%;0,7;10,90%;963,8;-1,30%;66;0,30%;8,50%;12,40%;8,20%;12,10%;3,60%;2,60%;44%;7%;14;5;5;31,16;31,16;USD;USD;0,96;74,60%;8,80%;12,20%;21,07
Lisi SA;39,8;France;Military & Defense;FII;12,80%;0,9;7,80%;2772,6;88,10%;88;0,70%;8,40%;13,30%;7,70%;12,60%;4,50%;4,80%;120%;15%;16;4;5;55,2;55,2;EUR;EUR;1,39;5,60%;22,60%;8,70%;35,11
Masterflex SE;14,9;Germany;Chemicals;MZX;13,10%;0,4;12,00%;146,2;39,10%;63;2,40%;3,00%;3,90%;0,60%;1,40%;0,80%;1,90%;64%;8%;21;5;5;13,85;13,85;EUR;EUR;0,93;12,90%;25,00%;4,70%;23,41
Micro Systemation;24,7;Sweden;Electronic Equipment;MSAB B;32,80%;1,1;15,60%;125,8;29,60%;83;1,10%;3,30%;6,00%;2,10%;4,80%;2,60%;2,40%;49%;13%;14;5;5;65,6;65,6;SEK;SEK;2,66;406,40%;6,30%;44,00%;96,26
Moury Construct SA;11,2;Belgium;Construction & Infrastructure;MOUR;19,20%;0,7;10,20%;313,3;44,60%;90;7,10%;17,00%;18,10%;9,30%;10,30%;0,90%;2,70%;49%;2%;18;5;5;720;720;EUR;EUR;64,4;104,00%;88,90%;13,60%;653,27
M-Tron Industries Inc;27,4;USA;Semiconductors;MPTI;19,30%;0,1;13,50%;196,5;49,10%;87;6,80%;21,50%;29,90%;13,80%;21,60%;6,90%;4,30%;90%;13%;11;5;5;69,21;69,21;USD;USD;2,53;33,60%;35,10%;55,70%;86,35
National Energy Services Reunited;31,4;USA;Oil & Gas - Services;NESR;7,30%;0,9;3,00%;2201,3;203,10%;98;4,20%;41,90%;65,80%;36,20%;59,10%;16,80%;14,70%;335%;16%;8;3;5;22,64;22,64;USD;USD;0,72;4,50%;-8,60%;56,70%;16,83
National Healthcare Corp;21;USA;Healthcare Facilities;NHC;11,20%;0,4;7,60%;2518,1;73,90%;86;2,50%;18,10%;25,90%;15,10%;22,80%;6,60%;5,40%;83%;7%;19;5;5;162,75;162,75;USD;USD;7,76;9,70%;9,90%;74,50%;198,12
Navigator Holdings Ltd;13,2;USA;Oil & Gas -Transportation;NVGS;8,20%;0,8;7,80%;1361,2;51,00%;80;3,30%;13,00%;16,40%;9,40%;12,60%;3,00%;3,80%;89%;7%;13;3;5;19,92;19,92;USD;USD;1,51;4,90%;-12,10%;29,80%;35,31
New York Times Co;40,6;USA;Broadcasting & Publishing;NYT;16,90%;0,5;16,80%;13980,9;70,90%;87;10,90%;27,20%;32,70%;14,70%;19,70%;4,40%;4,90%;91%;1%;23;5;5;85,69;85,69;USD;USD;2,11;17,40%;19,50%;26,60%;51,83
Noram Drilling;34,2;Norway;Industrial Machinery;NORAM;9,50%;0,4;15,30%;201,4;52,50%;95;19,50%;42,60%;51,40%;19,30%;26,70%;6,20%;8,30%;113%;5%;12;3;4;46,5;46,5;NOK;USD;0,13;14,00%;33,80%;23,20%;26,79
nVent Electric PLC;44,9;USA;Electrical Components;NVT;19,00%;0,8;14,90%;19156,7;121,60%;87;2,30%;10,50%;17,70%;8,10%;15,10%;6,50%;5,90%;183%;9%;15;4;5;117,96;117,96;USD;USD;2,63;9,70%;18,60%;14,30%;84,08
Oil-Dri Corp of America;17,3;USA;Chemicals;ODC;19,90%;0,4;10,60%;940;45,00%;81;6,60%;14,50%;14,60%;7,30%;7,50%;0,10%;2,50%;63%;3%;19;5;5;67,57;67,57;USD;USD;3,91;17,70%;34,30%;20,60%;99,97
Okeanis Eco Tankers;13;Norway;Marine & Sea;OET;21,50%;1,1;17,60%;1967,2;113,80%;97;12,70%;34,10%;46,20%;19,00%;29,70%;9,00%;8,70%;168%;9%;18;4;5;495;495;NOK;USD;3,77;12,80%;30,50%;12,80%;624,72
Perdoceo Education Corp;15,2;USA;Education;PRDO;16,40%;0,3;28,10%;2432,1;43,70%;79;11,50%;14,70%;16,30%;2,80%;4,30%;1,40%;1,20%;56%;3%;17;5;5;37,53;37,53;USD;USD;2,47;36,90%;3,80%;20,50%;40,15
Perma-Pipe International Holdings;17,8;USA;Construction Supplies;PPIH;13,90%;1,2;6,10%;246,8;165,20%;88;0,60%;6,90%;10,70%;6,30%;10,10%;3,60%;6,70%;249%;16%;9;4;3;30,79;30,79;USD;USD;1,73;11,40%;37,20%;32,10%;32,42
PharmaNutra SpA;42,5;Germany;Pharmaceuticals;761;26,40%;0,8;8,90%;817;58,30%;87;15,70%;39,70%;45,60%;20,70%;25,80%;4,20%;4,90%;101%;1%;15;5;5;77,4;77,4;EUR;EUR;1,82;25,00%;-5,10%;5,30%;31,22
Photronics Inc;17,8;USA;Semiconductors;PLAB;8,50%;0,1;1,00%;2434,9;100,40%;92;10,50%;36,70%;48,80%;23,70%;34,70%;8,90%;8,30%;148%;10%;15;5;5;40,85;40,85;USD;USD;2,29;14,30%;-32,20%;5,30%;32,92
PHX Energy Services Corp;10,3;Canada;Oil & Gas -Drilling;PHX;23,90%;0,9;1,60%;418,3;41,00%;75;14,80%;44,10%;46,30%;25,50%;27,50%;1,60%;7,40%;81%;11%;18;4;5;12,46;12,46;CAD;CAD;1,21;25,70%;4,50%;11,20%;23,33
Plexus Corp;31,6;USA;Semiconductors;PLXS;11,90%;1,2;3,90%;5589,7;62,70%;88;5,20%;26,30%;32,70%;20,10%;26,10%;5,00%;5,10%;100%;6%;15;5;4;207,35;207,35;USD;USD;6,56;11,80%;0,70%;9,20%;116,16
Powell Industries Inc;35,3;USA;Electrical Components;POWL;28,00%;0,6;16,60%;6617,5;211,50%;97;5,40%;38,80%;55,00%;31,80%;47,00%;11,60%;12,60%;258%;11%;16;5;3;547,81;547,81;USD;USD;15,52;100,00%;79,40%;50,10%;584,64
Pricesmart Inc;31,1;USA;Food Retail;PSMT;11,50%;0,8;1,90%;4588,8;73,00%;85;2,20%;16,30%;21,70%;13,70%;19,10%;4,70%;4,00%;88%;3%;15;5;5;152,48;152,48;USD;USD;4,9;12,10%;9,90%;11,80%;92,79
Revolutionrace;23,1;Sweden;Clothing & Footwear;RVRC;25,70%;0,4;17,80%;715,4;48,00%;88;1,70%;10,20%;17,50%;8,40%;15,60%;6,60%;4,60%;68%;5%;17;5;5;66,65;66,65;SEK;SEK;2,88;30,60%;11,00%;10,20%;56,54
REX American Resources Corp;30,5;USA;Chemicals;REX;7,70%;0,1;4,00%;1539,3;136,40%;93;21,50%;33,70%;42,10%;10,10%;17,00%;6,30%;7,50%;205%;7%;11;5;5;45,41;45,41;USD;USD;1,49;20,20%;7,60%;23,80%;47,49
Royalty Pharma PLC;27,1;USA;Biotechnology;RPRX;7,90%;1;105,40%;20875,4;55,80%;84;8,00%;20,60%;23,70%;11,70%;14,50%;2,60%;3,90%;64%;1%;15;5;5;48,57;48,57;USD;USD;1,79;5,90%;2,30%;161,60%;56,63
Sandvik;31,3;Sweden;Industrial Machinery;SAND;15,80%;0,8;10,60%;45960,7;73,90%;93;0,00%;18,30%;26,20%;18,30%;26,20%;6,70%;6,20%;118%;9%;19;5;5;366,4;366,4;SEK;SEK;11,71;10,80%;3,80%;4,50%;200,96
Saputo Inc;27,9;Canada;Food Processing;SAP;9,60%;1;5,40%;13382,5;72,70%;64;2,60%;12,30%;19,40%;9,50%;16,40%;6,30%;5,40%;82%;1%;13;4;5;43,6;43,6;CAD;CAD;1,56;2,40%;3,10%;1,50%;24,68
Savaria Corp;30,6;Canada;Industrial Machinery;SIS;9,90%;0,8;13,20%;1421,9;64,60%;63;6,20%;16,90%;20,70%;10,00%;13,70%;3,30%;3,40%;80%;2%;15;5;5;26,89;26,89;CAD;CAD;0,88;5,50%;19,40%;17,00%;17,05
Scanfil;18,5;Finland;Semiconductors;SCANFL;13,00%;0,9;4,60%;837,8;28,70%;83;1,50%;8,50%;8,80%;7,00%;7,30%;0,30%;3,40%;47%;5%;15;5;4;11,62;11,62;EUR;EUR;0,63;14,70%;-2,00%;5,30%;11,68
Seaboard Corp;11,5;USA;Industrial Components;SEB;9,50%;0,6;1,10%;5694,7;113,40%;93;14,50%;34,50%;43,60%;17,40%;25,40%;6,80%;7,60%;142%;0%;18;5;5;5906,78;5906,78;USD;USD;514,46;5,00%;-1,70%;1,00%;7125,53
Seneca Foods Corp;12,3;USA;Food Processing;SENEA;12,60%;0,7;5,90%;1104,8;78,90%;90;19,90%;34,10%;39,00%;11,80%;15,90%;3,70%;5,60%;99%;3%;12;5;3;160,92;160,92;USD;USD;13,11;6,20%;8,10%;122,50%;379,66
Sipef SA;9,5;Belgium;Farming;SIP;12,00%;0,2;20,60%;1120,3;59,30%;95;10,30%;19,10%;24,90%;8,00%;13,30%;4,90%;4,40%;68%;2%;20;5;5;97,8;97,8;EUR;USD;12,05;8,80%;53,10%;5,00%;234,94
SOL SpA;34;Germany;Chemicals;QOL;14,10%;1;3,70%;5837,4;56,00%;75;17,90%;18,00%;18,70%;0,00%;0,70%;0,60%;1,40%;73%;3%;18;5;5;58,5;58,5;EUR;EUR;1,72;10,30%;-7,30%;5,30%;25,19
Solstad Offshore;3,9;Norway;Oil & Gas -Transportation;SOFF;33,20%;1,1;57,20%;560,8;87,70%;93;23,50%;36,00%;36,80%;10,20%;10,80%;0,60%;5,00%;127%;4%;16;3;5;68,1;68,1;NOK;USD;1,71;10,20%;-1,70%;47,70%;91,53
Spadel SA;26,8;Belgium;Beverages;SPA;13,50%;0,5;7,90%;1287,3;48,40%;94;7,80%;21,50%;27,30%;12,70%;18,10%;4,80%;6,00%;48%;0%;20;5;5;282;282;EUR;EUR;10,51;18,50%;8,80%;50,60%;237,45
StealthGas Inc;5,6;USA;Marine & Sea;GASS;9,20%;0;45,80%;340,5;63,60%;88;9,90%;26,90%;30,00%;15,40%;18,30%;2,50%;5,70%;95%;9%;16;4;5;9,54;9,54;USD;USD;1,69;10,20%;79,20%;23,40%;19,37
Teekay Tankers Ltd;8,5;USA;Oil & Gas -Transportation;TNK;16,20%;0,1;45,40%;2660,3;100,20%;92;10,70%;27,60%;36,40%;15,20%;23,20%;6,90%;5,50%;131%;6%;16;4;4;76,99;76,99;USD;USD;9,05;31,50%;11,70%;9,40%;147,58
Thermon Group Holdings Inc;29,1;USA;Industrial Machinery;THR;10,90%;0,5;13,80%;1716,7;85,10%;92;7,20%;37,90%;48,30%;28,70%;38,30%;7,50%;7,30%;126%;11%;17;5;5;52,08;52,08;USD;USD;1,79;8,70%;33,00%;21,00%;52,78
Tidewater Inc;12,6;USA;Oil & Gas - Services;TDW;24,60%;0,8;28,30%;4223,5;96,40%;93;14,60%;39,00%;44,00%;21,30%;25,70%;3,60%;7,60%;171%;5%;12;2;5;84,38;84,38;USD;USD;6,69;13,90%;52,90%;150,10%;119,46
Topaz Energy Corp;37;Canada;Oil & Gas -Transportation;TPZ;8,50%;0,5;56,10%;3536,3;26,10%;52;2,80%;12,20%;14,50%;9,20%;11,40%;2,10%;2,60%;48%;4%;13;5;5;31,07;31,07;CAD;CAD;0,84;4,40%;4,00%;6,30%;24,1
Toromont Industries Ltd;32;Canada;Industrial Components;TIH;15,10%;0,7;8,30%;11777,5;73,20%;66;0,90%;14,30%;21,20%;13,20%;20,10%;6,00%;5,70%;81%;9%;18;5;5;195,76;195,76;CAD;CAD;6,11;18,80%;6,60%;3,80%;110,65
Total Energy Services Inc;13,6;Canada;Oil & Gas - Services;TOT;10,20%;0,7;8,60%;613,1;122,00%;81;18,20%;41,80%;53,90%;20,00%;30,30%;8,50%;9,80%;156%;7%;15;3;5;21,98;21,98;CAD;CAD;1,62;8,10%;19,10%;21,60%;36,86
Trican Well Service Ltd;12,7;Canada;Oil & Gas - Services;TCW;16,10%;0,5;12,00%;1054,3;53,20%;64;5,10%;18,10%;21,80%;12,40%;16,00%;3,20%;5,40%;97%;7%;14;4;5;7,37;7,37;CAD;CAD;0,58;19,70%;68,40%;20,70%;12,98
UCB SA;32,3;Belgium;Biotechnology;UCB;14,30%;0,7;21,20%;55315,1;61,60%;93;1,40%;8,60%;15,90%;7,10%;14,20%;6,70%;5,00%;104%;9%;21;5;5;264,5;264,5;EUR;EUR;8,2;8,50%;14,10%;54,80%;337,79
United Therapeutics Corp;18,7;USA;Pharmaceuticals;UTHR;18,80%;0,1;35,90%;25021,1;84,00%;88;11,90%;20,30%;32,40%;7,50%;18,40%;10,10%;6,40%;112%;7%;15;5;5;564,81;564,81;USD;USD;30,13;31,70%;12,50%;23,50%;562,45
Valaris Ltd;7;USA;Oil & Gas - Services;VAL;31,00%;0,7;5,20%;6921,6;141,20%;96;15,30%;54,00%;64,80%;33,60%;43,00%;7,00%;11,80%;261%;7%;13;3;3;98,04;98,04;USD;USD;13,92;21,60%;;80,90%;94,57
Valeura Energy Inc;4,2;Germany;Oil & Gas -Exploration;83PN;44,70%;0,6;21,60%;979,9;47,90%;89;12,40%;52,60%;56,90%;35,70%;39,50%;2,80%;9,10%;124%;12%;11;2;2;8,36;8,36;EUR;USD;2,36;58,40%;82,50%;166,20%;30,97
Village Super Market Inc;10,3;USA;Food Retail;VLGEA;11,10%;1;1,10%;439,3;13,30%;73;9,40%;17,80%;17,80%;7,60%;7,70%;0,10%;1,30%;43%;1%;18;5;5;43,1;43,1;USD;USD;4,18;7,70%;-3,80%;3,40%;62,23
Western Digital Corp;25,7;USA;Computer Hardware;WDC;51,80%;1,1;24,00%;102059,6;621,40%;99;7,00%;54,70%;83,70%;44,60%;71,70%;18,70%;19,40%;923%;8%;10;3;3;294,97;294,97;USD;USD;11,47;28,40%;19,60%;81,10%;396,42
Westinghouse Air Brake;37,1;USA;Rail & Highway;WAB;10,50%;1;13,40%;43291,7;38,30%;78;2,90%;15,90%;18,40%;12,70%;15,10%;2,10%;2,30%;67%;5%;17;5;5;253,91;253,91;USD;USD;6,84;6,80%;18,20%;25,50%;188,21
Woodward Inc;45,4;USA;Military & Defense;WWD;18,90%;0,8;13,40%;22202,1;98,70%;88;0,70%;21,40%;27,20%;20,60%;26,30%;4,80%;6,20%;153%;8%;23;5;5;371,78;371,78;USD;USD;8,18;13,20%;12,00%;28,20%;198,22
ZTO Express Inc;15,1;Germany;Rail & Highway;ZTOB;13,50%;0,4;18,50%;17518,9;8,70%;70;0,10%;12,60%;15,40%;12,50%;15,40%;2,50%;3,10%;38%;8%;22;5;5;19,9;19,9;EUR;;11,04;20,20%;38,20%;9,50%;21,95
