Company;Info - Ticker;Info - Country;Info - Industry;Info - Sector;ROE - Current;FCF margin - Current;Debt-Equity - Current;P/E - Current;Market Cap - Current USD;Info - Report;Dividend - Point;MA - MA 50d;MA - MA 200d;Div. Yield - Current;Dividend - Stable 10y;Dividend - Stable 5y;Dividend g. - Growth 5y;Revenue g. - Growth 5y;Performance - Perform. 1y;Stock price - Current;Info - Price Currency;Info - Report Currency;Earnings/share - Current;ROIC - Average 5y;FCF growth - Growth 5y;Earnings g. - Growth 5y;Fair value
Betsson;BETS B;Sweden;Gambling & Casinos;Consumer Durables;19,8%;13,7%;0,5;7,3;1451,6;Q4-2025;11;97,07;140,73;7,0%;10;5;12,7%;13,7%;-34,8%;101,70;SEK;EUR;1,29;22,9%;19,1%;12,3%;292,73
Exxaro Resources Ltd;LCQ;Germany;Fuel - Coal;Energy;11,6%;14,8%;0,4;7,0;3028,4;Q2-2025;11;10,41;9,02;7,0%;8;5;6,6%;7,9%;54,1%;11,40;EUR;ZAR;33,86;16,3%;23,0%;3,7%;15,70
Nippon Yusen Kabushiki Kaisha;NYKA;Germany;Marine & Sea;Industrials;10,9%;16,5%;0,5;8,2;16221,7;Q2-2026;11;29,41;29,12;5,2%;9;5;48,2%;8,8%;13,6%;34,06;EUR;JPY;724,06;21,2%;75,8%;21,4%;41,53
Wilh. Wilhelmsen B;WWIB;Norway;Marine & Sea;Industrials;19,9%;31,0%;0,3;4,2;2761,2;Q4-2025;10;633,30;521,88;3,3%;10;5;29,6%;8,9%;78,6%;652,00;NOK;USD;15,52;12,7%;11,0%;43,8%;2445,00
Cal-Maine Foods Inc;CALM;USA;Farming;Food and Beverage;42,7%;18,6%;0,2;3,3;3781,1;Q2-2026;10;83,54;92,56;11,1%;7;5;202,9%;25,6%;-14,6%;78,10;USD;USD;23,74;51,4%;207,6%;258,7%;423,19
Cognizant Technology Solutions;CTSH;USA;IT Services;Technology;14,9%;13,9%;0,4;13,7;30519,5;Q4-2025;10;67,88;73,04;2,0%;8;5;7,1%;4,9%;-18,2%;62,54;USD;USD;4,57;17,0%;9,2%;12,1%;85,61
EOG Resources Inc;EOG;USA;Oil & Gas -Exploration;Energy;16,7%;19,0%;0,7;15,6;77453,5;Q4-2025;10;126,06;116,36;2,8%;10;5;22,8%;18,0%;10,3%;142,64;USD;USD;9,17;18,8%;26,9%;61,0%;353,25
Whitecap Resources Inc;WCP;Canada;Oil & Gas -Exploration;Energy;8,9%;14,6%;0,8;15,2;11060,2;Q4-2025;10;13,67;11,41;4,8%;10;5;27,8%;44,7%;63,2%;15,05;CAD;CAD;0,99;14,4%;8,8%;17,3%;15,91
Autotrader Group PLC;AUTO;UK;Online Services;Technology;52,1%;50,3%;0,2;14,2;5252,6;Q2-2026;10;4,86;6,75;2,2%;10;5;16,2%;18,6%;-37,4%;4,73;GBP;GBP;0,33;47,7%;20,1%;20,3%;8,10
Bic;BB;France;Personal Products;Food and Beverage;10,5%;10,5%;0,6;12,7;2474,3;Q2-2025;10;54,29;52,37;8,3%;10;5;12,9%;5,6%;-11,5%;54,50;EUR;EUR;4,28;14,1%;11,1%;15,5%;77,04
Hapag-Lloyd AG;HLAG;Germany;Marine & Sea;Industrials;8,7%;11,0%;0,6;13,2;22374,1;Q3-2025;10;128,44;122,93;7,1%;7;5;49,4%;8,7%;-17,2%;115,70;EUR;EUR;8,77;46,0%;2,9%;10,7%;163,73
Vidrala SA;VIR;Germany;Packaging;Materials;14,8%;13,0%;0,6;12,9;2960,7;Q4-2025;10;81,01;87,58;1,9%;10;5;11,1%;8,2%;-17,3%;76,50;EUR;EUR;5,95;13,3%;8,1%;6,2%;110,72
Jumbo SA;5JB;Germany;Retailers;Consumer Durables;21,9%;24,8%;0,2;10,1;3508,4;Q2-2025;10;24,26;27,50;6,2%;9;5;10,7%;11,3%;-5,0%;23,60;EUR;EUR;2,33;28,4%;19,0%;18,0%;43,46
Bosideng International Holdings;3BD;Germany;Clothing & Footwear;Consumer Durables;22,1%;17,2%;0,8;11,6;5527,1;Q2-2026;10;0,47;0,50;7,0%;10;5;24,9%;14,0%;-5,2%;0,44;EUR;CNY;0,32;61,2%;13,2%;14,6%;0,52
Grand Pharmaceutical Group Ltd;MX6A;Germany;Pharmaceuticals;Health Care;12,0%;7,7%;0,5;12,7;3136,7;Q2-2025;10;0,78;0,88;3,4%;7;5;18,8%;13,0%;11,6%;0,81;EUR;HKD;0,59;15,1%;-7,2%;2,7%;0,81
Tenaris SA;TEN;Italy;Oil & Gas - Services;Energy;11,6%;19,4%;0,2;16,0;29887,9;Q3-2025;10;21,65;17,49;2,8%;10;5;64,0%;18,1%;38,9%;25,32;EUR;USD;1,86;16,4%;56,3%;40,3%;42,79
Thorpe PLC;TFW;UK;Electrical Components;Industrials;13,4%;14,5%;0,3;11,4;364,6;Q4-2025;10;;;3,8%;10;5;10,9%;9,1%;;2,47;GBP;GBP;0,22;18,0%;20,2%;13,6%;4,84
ANTA Sports Products Ltd;AS7;Germany;Leisure;Consumer Durables;21,4%;25,1%;0,7;13,9;26905,4;Q2-2025;10;8,68;9,38;3,0%;10;5;33,5%;16,3%;-13,4%;8,76;EUR;CNY;5,33;35,1%;16,1%;22,7%;9,88
First Resources Ltd;5F1;Germany;Food Processing;Food and Beverage;18,5%;14,2%;0,7;11,8;3197,1;Q2-2025;10;1,61;1,28;3,3%;8;5;30,2%;13,7%;65,0%;1,88;EUR;USD;0,19;15,6%;5,4%;24,4%;2,91
Krka DD;KN8;Germany;Pharmaceuticals;Health Care;17,3%;18,5%;0,3;17,7;7748,3;Q3-2025;10;229,80;208,84;3,6%;10;5;14,2%;5,5%;;230,00;EUR;EUR;13,03;19,4%;5,6%;7,0%;170,34
Hexpol;HPOL B;Sweden;Chemicals;Materials;13,9%;4,1%;0,6;12,7;2462,7;Q4-2025;9;74,59;83,04;5,9%;10;5;12,8%;7,6%;-19,7%;71,50;SEK;SEK;5,64;15,4%;-14,2%;6,6%;91,02
Medistim;MEDI;Norway;Medical Equipment;Health Care;34,0%;22,2%;0,4;24,6;392,4;Q4-2025;9;215,04;234,68;3,7%;10;5;21,7%;14,0%;23,0%;214,00;NOK;NOK;8,69;44,9%;19,4%;17,9%;204,09
FM Mattsson;FMM B;Sweden;Installation;Industrials;13,5%;11,0%;0,7;27,5;399,4;Q4-2025;9;78,94;64,66;2,6%;10;5;10,8%;5,1%;85,8%;94,40;SEK;SEK;3,43;14,3%;7,5%;10,6%;58,10
Columbia Sportswear Co;COLM;USA;Clothing & Footwear;Consumer Durables;10,4%;9,2%;0,7;16,8;2977,2;Q4-2025;9;58,02;55,75;2,2%;10;5;35,8%;6,3%;-29,1%;54,45;USD;USD;3,24;17,0%;6,1%;14,7%;72,24
Gentex Corp;GNTX;USA;Auto & Equipment;Consumer Durables;15,4%;15,9%;0,2;12,4;4685,6;Q4-2025;9;22,89;24,49;2,8%;10;5;4,8%;8,5%;-8,3%;21,51;USD;USD;1,74;18,7%;1,7%;4,3%;30,08
A.O. Smith Corp;AOS;USA;Industrial Machinery;Industrials;29,4%;15,2%;0,7;16,6;9075,3;Q4-2025;9;72,24;70,00;2,1%;10;5;7,1%;5,8%;-1,9%;64,35;USD;USD;3,87;24,4%;11,9%;12,7%;79,92
Aalberts NV;AALB;Netherlands;Industrial Machinery;Industrials;6,1%;3,6%;0,8;21,9;3596,1;Q4-2025;9;32,78;29,81;3,8%;10;5;7,2%;3,4%;-3,2%;30,02;EUR;EUR;1,37;8,8%;-10,5%;5,3%;29,71
Abbott Laboratories;ABT;USA;Medical Equipment;Health Care;12,4%;18,5%;0,6;27,6;179096,7;Q4-2025;9;109,49;124,26;2,3%;10;5;10,4%;5,1%;-21,9%;102,87;USD;USD;3,73;14,4%;4,8%;8,2%;82,64
AEP Plantations PLC;AEP;UK;Farming;Food and Beverage;15,1%;19,9%;0,1;11,0;890,1;Q2-2025;9;15,67;13,03;2,0%;10;5;150,3%;10,6%;142,5%;17,90;GBP;USD;2,24;21,7%;15,5%;19,5%;27,09
Associated British Foods PLC;ABF;UK;Food Processing;Food and Beverage;9,2%;7,8%;0,7;13,3;17241,3;Q4-2025;8;18,98;20,72;4,8%;10;5;21,3%;6,9%;-1,9%;18,90;GBP;GBP;1,42;7,0%;13,3%;19,7%;26,76
Aubay;AUB;France;IT Services;Technology;12,6%;7,6%;0,7;16,0;613,9;Q2-2025;6;47,66;49,32;3,0%;10;5;16,7%;4,7%;-10,5%;43,95;EUR;EUR;2,74;19,3%;3,3%;6,7%;55,71
Azbil Corp;YMK;Germany;Industrial Machinery;Industrials;18,6%;14,2%;0,3;15,5;4234,9;Q2-2026;9;7,41;7,88;2,0%;10;5;15,8%;3,6%;6,4%;7,45;EUR;JPY;83,59;21,4%;33,0%;18,6%;7,67
Barco NV;BAR;Belgium;Semiconductors;Technology;10,0%;7,9%;0,5;11,0;866,7;Q4-2025;6;10,65;12,35;5,5%;10;5;6,1%;4,6%;-25,5%;9,31;EUR;EUR;0,85;10,3%;29,9%;80,2%;22,60
Bloomsbury Publishing PLC;BMY;UK;Broadcasting & Publishing;Consumer Durables;10,9%;3,6%;0,8;20,7;587,5;Q2-2026;8;5,07;4,95;2,7%;10;5;64,5%;13,0%;-3,5%;5,73;GBP;GBP;0,28;14,0%;-6,1%;10,3%;5,50
Boston Pizza Royalties Income;BPF.UN;Canada;Restaurants & Cafés;Consumer Durables;14,5%;61,0%;0,5;12,4;385,3;Q4-2025;9;24,31;21,76;6,2%;10;5;18,0%;9,7%;43,4%;24,47;CAD;CAD;1,98;9,5%;9,1%;35,1%;30,02
Cembre SpA;J0L;Germany;Electrical Components;Industrials;20,9%;12,8%;0,3;25,2;1264,0;Q3-2025;7;68,09;63,13;2,8%;10;5;15,9%;11,8%;48,6%;68,30;EUR;EUR;2,71;19,9%;7,1%;19,1%;51,23
Clarkson PLC;CKN;UK;Marine & Sea;Industrials;15,2%;12,1%;0,6;19,2;1823,9;Q2-2025;8;43,52;37,95;2,3%;10;5;6,9%;12,6%;39,3%;47,15;GBP;GBP;2,45;89,5%;13,1%;35,6%;69,81
Compx International Inc;CIX;USA;Security;Industrials;14,0%;9,2%;0,1;14,8;286,7;Q3-2025;9;23,69;23,92;9,5%;10;5;40,6%;6,8%;9,6%;23,27;USD;USD;1,57;20,3%;3,0%;13,6%;28,36
COSCO SHIPPING International Co;CSB;Germany;Marine & Sea;Industrials;9,5%;9,1%;0,2;11,6;1112,7;Q2-2025;7;0,75;0,68;7,5%;10;5;24,6%;2,0%;19,0%;0,69;EUR;HKD;0,55;21,2%;26,7%;20,1%;0,84
Coterra Energy Inc;CTRA;USA;Oil & Gas -Exploration;Energy;11,6%;25,3%;0,6;15,4;26300,2;Q4-2025;9;31,38;26,47;2,5%;10;5;17,1%;39,1%;18,9%;34,56;USD;USD;2,25;10,3%;56,2%;35,1%;59,88
EBARA JITSUGYO Co Ltd;EJI;Germany;Industrial Components;Industrials;15,0%;8,3%;0,7;14,0;343,6;Q2-2025;8;13,55;12,08;2,4%;10;5;29,1%;5,5%;17,0%;13,10;EUR;JPY;158,96;33,3%;4,7%;11,5%;13,30
ENAV SpA;ENV;Germany;Airlines;Industrials;9,0%;27,2%;0,7;26,6;2975,0;Q3-2025;7;5,09;4,53;5,1%;8;5;5,2%;5,8%;47,4%;5,27;EUR;EUR;0,20;6,7%;21,8%;14,7%;4,56
Ennis Inc;EBF;USA;Industrial Components;Industrials;14,0%;4,2%;0,2;13,1;559,3;Q3-2026;9;20,69;18,62;4,6%;10;5;2,1%;1,7%;7,8%;21,69;USD;USD;1,66;15,6%;-17,0%;12,3%;25,02
Equasens;EQS;France;Medical Supplies;Health Care;15,1%;16,3%;0,7;15,8;628,3;Q4-2024;9;36,69;42,57;3,3%;10;5;8,0%;6,5%;10,6%;38,00;EUR;EUR;2,41;20,6%;13,5%;6,0%;42,44
EUROKAI GmbH & Co KGaA;EUK3;Germany;Marine & Sea;Industrials;12,6%;57,0%;0,5;11,7;860,2;Q2-2025;9;56,90;48,34;3,6%;10;5;5,9%;5,9%;50,5%;56,00;EUR;EUR;4,80;11,8%;36,0%;27,5%;109,81
Evertz Technologies Ltd;74E;Germany;Communications;Technology;23,7%;20,7%;0,7;18,8;824,5;Q2-2026;7;9,54;8,19;5,0%;9;5;8,2%;8,2%;45,6%;9,90;EUR;CAD;0,85;32,2%;18,3%;9,1%;8,45
EVS Broadcast Equipment SA;EVS;Belgium;Communications;Technology;15,7%;20,7%;0,3;13,2;500,4;Q2-2025;8;34,57;35,53;3,3%;10;5;17,1%;16,8%;-11,2%;33,75;EUR;EUR;2,55;25,9%;31,6%;36,9%;103,67
Exxon Mobil Corp;XOM;USA;Oil & Gas -Exploration;Energy;10,8%;9,7%;0,7;24,0;691770,4;Q4-2025;8;151,69;123,82;2,5%;10;5;2,8%;12,6%;35,0%;160,69;USD;USD;6,70;11,8%;102,9%;26,8%;221,84
Frosta AG;NLM;Germany;Food Processing;Food and Beverage;13,1%;4,7%;0,8;18,0;734,2;Q4-2025;5;96,56;95,97;2,4%;10;5;8,4%;4,0%;22,5%;98,00;EUR;EUR;5,44;13,2%;-4,8%;8,1%;64,62
Gamma Communications PLC;GAMA;UK;Telecom Services;Telecom;18,7%;12,9%;0,8;10,4;865,9;Q2-2025;9;8,62;;2,7%;10;5;12,3%;9,3%;;7,22;GBP;GBP;0,70;20,7%;8,4%;0,6%;14,76
Gaztransport et technigaz SA;GTT;France;Oil & Gas - Services;Energy;70,1%;55,9%;0,8;18,2;8297,8;Q4-2025;9;191,13;170,61;3,8%;10;5;13,0%;15,2%;46,1%;203,60;EUR;EUR;11,16;205,2%;17,4%;15,8%;188,86
Genuit Group PLC;GEN;UK;Construction Supplies;Industrials;7,6%;10,3%;0,5;14,7;905,1;Q2-2025;6;3,34;3,49;4,3%;10;5;21,1%;8,0%;-20,2%;2,89;GBP;GBP;0,20;4,8%;20,1%;18,3%;175,89
Giordano International Ltd;GIO;Germany;Clothing & Footwear;Consumer Durables;9,8%;16,5%;0,7;10,1;261,2;Q2-2025;7;0,15;0,16;10,3%;10;5;13,3%;4,8%;-15,0%;0,15;EUR;HKD;0,14;13,0%;5,1%;31,3%;0,22
Gr. Sarantis SA;SSA1;Germany;Personal Products;Food and Beverage;13,4%;8,1%;0,6;17,7;994,2;Q2-2025;7;13,76;13,24;2,2%;10;5;13,5%;8,9%;11,9%;14,12;EUR;EUR;0,80;12,4%;25,2%;6,6%;13,31
Hargreaves Services PLC;HSP;UK;Industrial Components;Industrials;10,8%;17,4%;0,7;11,4;313,1;Q2-2026;9;7,39;;4,9%;10;5;38,7%;9,5%;;7,50;GBP;GBP;0,66;11,0%;1,4%;5,3%;9,08
Henkel AG & Co KGaA;HEN;Germany;Personal Products;Food and Beverage;10,4%;11,1%;0,6;12,2;28205,2;Q2-2025;9;69,60;65,89;3,3%;10;5;2,0%;1,9%;-8,3%;61,20;EUR;EUR;5,00;7,7%;7,9%;9,0%;84,08
HF Sinclair Corp;DINO;USA;Oil & Gas - Marketing;Energy;6,3%;4,1%;0,8;19,7;11322,2;Q4-2025;5;55,74;50,68;3,3%;10;5;7,4%;19,2%;82,5%;60,72;USD;USD;3,08;9,0%;62,4%;23,1%;76,90
Hill & Smith PLC;HILS;UK;Construction & Infrastructure;Industrials;17,0%;13,3%;0,6;21,5;2188,2;Q2-2025;9;22,51;21,38;2,3%;10;5;39,7%;5,5%;25,1%;21,60;GBP;GBP;1,01;11,8%;14,7%;27,2%;23,71
Hirose Electric Co Ltd;HRO;Germany;Semiconductors;Technology;8,2%;11,2%;0,1;20,6;4054,3;Q2-2026;9;110,48;104,24;2,6%;10;5;15,3%;8,1%;4,8%;109,00;EUR;JPY;917,53;16,2%;-1,6%;10,8%;91,00
Innospec Inc;IOSP;USA;Chemicals;Materials;8,7%;6,3%;0,4;15,7;1835,9;Q4-2025;7;77,24;79,10;2,3%;10;5;10,5%;8,3%;-21,9%;73,79;USD;USD;4,69;9,3%;10,7%;32,0%;117,67
Interparfums Inc;IPAR;USA;Personal Products;Food and Beverage;14,9%;10,1%;0,4;17,7;2908,6;Q3-2025;9;96,24;101,42;3,5%;10;5;57,0%;22,1%;-20,5%;90,61;USD;USD;5,13;16,9%;19,4%;33,5%;138,91
Ituran Location & Control Ltd;ITRN;USA;Semiconductors;Technology;25,9%;16,7%;0,7;17,9;1017,5;Q3-2025;9;48,03;41,20;3,7%;10;5;51,1%;7,2%;41,5%;51,15;USD;USD;2,85;27,9%;12,0%;29,9%;65,17
J&J Snack Foods Corp;JJSF;USA;Food Processing;Food and Beverage;6,7%;4,9%;0,4;25,1;1539,1;Q1-2026;6;84,18;96,66;4,0%;10;5;5,5%;6,4%;-40,3%;79,22;USD;USD;3,16;6,3%;7,2%;1,6%;86,68
James Halstead PLC;JHD;UK;Construction Supplies;Industrials;22,3%;15,8%;0,3;12,7;644,6;Q4-2025;9;1,30;;7,1%;10;5;7,6%;1,9%;;1,23;GBP;GBP;0,10;37,4%;6,1%;3,3%;10,40
KB Home;KBH;USA;Homebuilding;Industrials;11,0%;8,4%;0,7;8,1;3453,0;Q4-2025;9;58,24;59,86;2,0%;10;5;18,9%;8,3%;-12,9%;50,85;USD;USD;6,28;11,8%;11,8%;14,0%;99,99
Komori Corp;KOI;Germany;Industrial Machinery;Industrials;7,4%;5,7%;0,6;8,8;478,6;Q2-2026;6;8,71;8,29;5,8%;10;5;32,9%;9,5%;14,7%;8,20;EUR;JPY;162,10;10,4%;113,9%;44,9%;16,60
Kunlun Energy Co Ltd;CTJ1;Germany;Oil & Gas - Marketing;Energy;6,4%;3,3%;0,5;9,9;7477,0;Q2-2025;7;0,87;0,82;4,7%;10;5;3,9%;11,9%;-11,8%;0,79;EUR;CNY;0,67;13,6%;-4,2%;10,2%;0,94
Laurent-Perrier;LPE;France;Brewers;Food and Beverage;7,0%;7,9%;0,8;11,0;544,7;Q2-2026;9;88,74;91,64;2,5%;10;5;15,3%;8,7%;-14,4%;84,20;EUR;EUR;7,68;6,5%;-3,4%;12,5%;129,42
Lennar Corp;LEN;USA;Homebuilding;Industrials;9,4%;7,1%;0,6;10,8;22292,4;Q4-2025;9;105,52;117,06;2,3%;10;5;26,2%;8,7%;-24,5%;86,49;USD;USD;7,98;12,2%;0,9%;0,3%;98,21
Luka Koper DD;2FA;Germany;Marine & Sea;Industrials;11,4%;13,4%;0,4;17,2;1386,0;Q3-2025;8;89,19;72,45;2,3%;10;5;14,4%;12,0%;;90,00;EUR;EUR;5,24;10,0%;217,0%;18,0%;196,10
M P Evans Group PLC;MPE;UK;Farming;Food and Beverage;19,1%;33,4%;0,2;10,3;1006,9;Q2-2025;9;14,44;13,11;3,3%;10;5;24,8%;16,1%;;15,20;GBP;USD;2,03;16,5%;121,6%;40,2%;56,14
Marimekko;MEKKO;Finland;Clothing & Footwear;Consumer Durables;32,8%;16,7%;0,8;17,4;466,8;Q4-2025;8;11,37;12,44;4,0%;9;5;18,5%;8,9%;-17,9%;10,44;EUR;EUR;0,60;50,2%;4,5%;12,1%;35,30
Maschinenfabrik Berthold Hermle;MBH3;Germany;Industrial Machinery;Industrials;13,0%;14,5%;0,4;16,0;841,5;Q2-2025;8;157,20;157,89;7,2%;10;5;17,0%;9,5%;-9,7%;153,00;EUR;EUR;9,57;32,1%;18,7%;3,6%;194,53
MBB SE;MBB;Germany;Industrial Components;Industrials;6,3%;3,9%;0,5;17,2;1022,1;Q3-2025;5;203,69;182,73;1,9%;10;5;36,6%;11,1%;20,6%;173,20;EUR;EUR;10,07;4,5%;7,7%;36,3%;219,98
Miquel y Costas & Miquel SA;MCM;Spain;Packaging;Materials;11,1%;6,1%;0,3;12,0;593,8;Q4-2025;9;14,16;14,16;3,4%;10;5;7,6%;2,7%;9,2%;14,25;EUR;EUR;1,19;12,7%;-16,6%;1,2%;19,33
Moury Construct SA;MOUR;Belgium;Construction & Infrastructure;Industrials;19,2%;10,2%;0,7;11,2;313,3;Q2-2025;9;672,40;609,73;2,4%;10;5;22,9%;10,6%;44,6%;720,00;EUR;EUR;64,40;92,3%;88,9%;22,8%;638,27
Naturenergie Holding AG;KWK3;Germany;Renewable Energy;Utilities;13,8%;3,9%;0,5;6,1;1251,9;Q4-2025;6;35,43;34,69;2,6%;10;5;5,2%;8,5%;;34,40;EUR;EUR;5,65;10,2%;52,8%;34,2%;60,05
NetEase Inc;4Y01;Germany;Gaming;Consumer Durables;22,5%;32,2%;0,3;13,9;66503,1;Q3-2025;9;20,09;22,76;2,6%;5;5;33,0%;8,7%;-1,0%;19,00;EUR;;11,40;18,9%;17,3%;25,6%;68,33
Neurones;NRO;France;IT Services;Technology;11,8%;6,9%;0,7;17,4;972,0;Q2-2025;6;36,12;40,51;3,6%;10;5;45,4%;9,7%;-25,3%;36,40;EUR;EUR;2,09;32,2%;4,0%;10,5%;41,10
Nichols PLC;NICL;UK;Beverages;Food and Beverage;20,1%;9,2%;0,5;19,8;436,7;Q2-2025;7;9,66;;9,1%;10;5;25,4%;8,0%;;9,49;GBP;GBP;0,48;41,0%;13,6%;29,5%;14,58
NVE Corp;NVEC;USA;Semiconductors;Technology;24,3%;49,9%;0,0;23,6;335,1;Q3-2026;7;68,04;67,50;5,8%;10;5;0,0%;4,0%;9,0%;69,28;USD;USD;2,93;40,1%;1,4%;3,9%;63,86
Olvi;OLVAS;Finland;Brewers;Food and Beverage;17,3%;4,0%;0,6;10,8;762,5;Q4-2025;7;33,87;31,83;4,0%;10;5;4,2%;9,9%;-0,9%;33,45;EUR;EUR;3,09;15,7%;-5,7%;9,6%;53,05
Orell Fussli AG;OFH;Germany;Business Support & Services;Industrials;14,7%;8,2%;0,4;14,6;329,4;Q2-2025;5;141,48;123,65;3,1%;9;4;8,0%;4,0%;;153,00;EUR;CHF;9,79;16,6%;32,7%;8,2%;192,69
Orient Overseas Ltd;ORI1;Germany;Marine & Sea;Industrials;20,2%;17,2%;0,4;4,4;10939,7;Q2-2025;9;15,29;14,62;11,0%;10;5;43,9%;5,9%;7,6%;15,06;EUR;USD;4,08;88,0%;6,9%;23,2%;52,27
Orion B;ORNBV;Finland;Pharmaceuticals;Health Care;38,9%;11,5%;0,6;20,2;11131,2;Q4-2025;7;69,58;66,30;2,5%;10;5;3,7%;11,9%;28,5%;71,70;EUR;EUR;3,55;31,0%;-3,3%;17,9%;63,90
Orkla;ORK;Norway;Food Processing;Food and Beverage;13,3%;17,4%;0,7;18,0;12287,6;Q4-2025;8;121,18;111,54;4,9%;10;5;16,9%;8,7%;6,4%;122,70;NOK;NOK;6,83;8,6%;27,8%;9,4%;120,43
Pacific Basin Shipping Ltd;OYD;Germany;Marine & Sea;Industrials;5,5%;6,7%;0,3;19,5;1793,8;Q2-2025;8;0,33;0,27;3,1%;8;5;34,3%;9,5%;60,1%;0,32;EUR;USD;0,02;20,5%;23,1%;19,5%;0,41
Pason Systems Inc;PSI;Canada;Oil & Gas - Services;Energy;11,3%;3,5%;0,3;19,3;762,3;Q4-2025;8;12,73;12,18;4,0%;10;5;1,6%;21,8%;-1,5%;13,12;CAD;CAD;0,68;28,6%;-11,0%;53,4%;21,76
Pearson PLC;PSON;UK;Broadcasting & Publishing;Consumer Durables;12,2%;17,8%;0,7;15,2;8410,3;Q2-2025;8;9,51;10,25;2,4%;10;5;4,2%;0,7%;-18,2%;10,06;GBP;GBP;0,66;6,8%;20,2%;8,7%;55,57
Pizza Pizza Royalty Corp;PZA;Canada;Restaurants & Cafés;Consumer Durables;10,3%;85,6%;0,2;16,1;373,0;Q3-2025;7;15,91;15,47;6,1%;10;5;6,7%;5,0%;10,1%;15,16;CAD;CAD;0,94;8,3%;6,2%;4,3%;14,58
Prim SA;PRM;Spain;Medical Equipment;Health Care;11,0%;10,7%;0,6;15,0;238,6;Q2-2025;6;12,90;12,89;3,5%;10;5;6,3%;10,1%;25,0%;12,75;EUR;EUR;0,85;10,9%;6,9%;16,3%;21,02
Raffles Medical Group Ltd;02M1;Germany;Healthcare Facilities;Health Care;6,7%;12,9%;0,4;26,2;1343,2;Q4-2025;6;0,65;0,64;2,5%;9;4;0,0%;6,1%;1,5%;0,66;EUR;SGD;0,04;10,7%;12,0%;1,3%;0,47
Rightmove PLC;RMV;UK;Online Services;Technology;249,2%;51,0%;0,5;16,4;4207,1;Q2-2025;9;4,46;6,12;2,3%;10;5;16,8%;14,8%;-38,3%;4,27;GBP;GBP;0,26;511,1%;20,2%;15,7%;5,58
Rotork PLC;ROR;UK;Industrial Machinery;Industrials;17,5%;18,8%;0,3;27,1;3408,0;Q2-2025;8;3,50;3,39;2,4%;10;5;14,7%;4,7%;1,4%;3,20;GBP;GBP;0,12;20,0%;7,9%;3,8%;15,43
Russel Metals Inc;RUS;Canada;Industrial Components;Industrials;10,6%;4,5%;0,7;16,0;1994,9;Q4-2025;7;48,00;43,85;3,6%;10;5;2,4%;11,5%;21,1%;48,01;CAD;CAD;3,01;17,2%;21,1%;50,5%;87,73
Seiren Co Ltd;1AB;Germany;Clothing & Footwear;Consumer Durables;10,3%;6,1%;0,4;11,4;1091,7;Q2-2026;8;17,85;16,83;2,6%;5;5;33,4%;10,5%;15,0%;16,90;EUR;JPY;258,02;11,7%;2,1%;17,8%;20,10
Shoe Carnival Inc;SCVL;USA;Clothing & Footwear;Consumer Durables;8,5%;3,1%;0,7;7,5;436,3;Q3-2026;9;18,93;19,60;3,7%;10;5;26,9%;3,2%;-28,3%;16,00;USD;USD;2,12;13,5%;-12,8%;30,0%;46,06
Snap-on Inc;SNA;USA;Measuring & Analysis;Industrials;17,1%;22,8%;0,4;18,7;19046,7;Q4-2025;9;373,06;344,91;2,4%;10;5;14,7%;5,5%;7,7%;365,58;USD;USD;19,52;17,6%;9,7%;11,1%;327,66
Socfinasia SA Holding;Y1T;Germany;Farming;Food and Beverage;34,2%;23,7%;0,5;8,0;573,3;Q2-2025;9;26,18;;18,8%;10;5;44,3%;9,6%;;26,60;EUR;;3,31;30,5%;11,3%;31,6%;53,50
Strategic Education Inc;STRA;USA;Education;Industrials;7,7%;12,9%;0,2;15,0;1903,6;Q4-2025;6;80,99;80,81;2,9%;8;5;0,0%;4,3%;-1,3%;83,68;USD;USD;5,57;4,8%;1,5%;7,9%;97,84
Systemair;SYSR;Sweden;Installation;Industrials;12,1%;5,6%;0,6;21,2;1471,7;Q3-2026;5;79,75;83,88;1,9%;9;5;12,5%;7,5%;-7,2%;70,70;SEK;SEK;3,33;12,2%;45,6%;11,3%;146,94
The Marzetti Co;MZTI;USA;Food Processing;Food and Beverage;17,4%;11,6%;0,3;21,6;3887,9;Q2-2026;8;156,29;168,41;2,7%;10;5;5,5%;5,8%;-19,2%;141,64;USD;USD;6,55;15,8%;16,3%;4,8%;123,64
Thomson Reuters Corp;TRI;USA;Business Support & Services;Industrials;14,9%;17,8%;0,5;23,1;40603,7;Q3-2025;9;97,34;145,49;2,6%;10;5;8,1%;4,3%;-48,2%;90,19;USD;USD;3,90;17,5%;3,8%;10,2%;105,14
TORM Plc;TRMD;USA;Oil & Gas -Transportation;Energy;13,0%;16,6%;0,5;10,0;2857,6;Q4-2025;9;26,46;22,05;6,9%;7;4;16,3%;12,4%;76,9%;29,10;USD;USD;2,91;16,7%;29,1%;19,6%;60,98
Tourmaline Oil Corp;TOU;Canada;Oil & Gas -Exploration;Energy;8,1%;16,6%;0,4;18,2;17976,5;Q3-2025;8;64,26;61,89;5,3%;8;5;46,7%;23,5%;-8,7%;64,28;CAD;CAD;3,53;12,3%;48,4%;9,2%;76,31
Transcontinental Inc;TCL.A;Canada;Packaging;Materials;8,9%;13,3%;0,7;2,8;351,0;Q4-2025;7;20,04;20,43;33,6%;10;5;16,2%;1,3%;-69,9%;5,66;CAD;CAD;2,04;4,6%;5,6%;6,2%;36,27
Trelleborg;TREL B;Sweden;Chemicals;Materials;9,9%;7,0%;0,5;22,2;8087,2;Q4-2025;8;371,68;371,90;2,3%;9;5;9,9%;0,9%;-4,7%;349,60;SEK;SEK;15,76;9,6%;-8,9%;9,5%;243,50
Trigano SA;TRI;France;Auto & Equipment;Consumer Durables;11,5%;8,7%;0,6;11,4;3001,4;Q4-2025;9;160,22;156,47;2,5%;10;5;11,8%;10,9%;34,1%;141,50;EUR;EUR;12,41;21,4%;18,1%;11,4%;208,13
Tristel PLC;TSTL;UK;Medical Equipment;Health Care;23,4%;19,0%;0,4;22,5;222,4;Q2-2026;8;3,84;3,83;3,8%;10;5;17,1%;9,8%;8,0%;3,70;GBP;GBP;0,16;20,6%;14,9%;16,0%;175,54
UIE Plc;I55;Germany;Farming;Food and Beverage;12,5%;26,4%;0,1;12,8;1678,8;Q4-2025;9;47,59;43,18;3,2%;9;5;24,2%;12,8%;14,8%;48,90;EUR;USD;4,48;9,3%;22,1%;5,8%;50,18
Universal Display Corp;OLED;USA;Semiconductors;Technology;13,7%;37,5%;0,1;17,6;4266,0;Q4-2025;9;106,79;129,41;2,0%;8;5;24,6%;8,7%;-35,4%;89,72;USD;USD;5,09;22,6%;76,8%;12,7%;136,17
Uzin Utz SE;UZU;Germany;Chemicals;Materials;11,0%;6,5%;0,6;11,0;373,9;Q2-2025;5;75,37;70,91;2,8%;10;5;7,9%;4,8%;16,4%;67,50;EUR;EUR;6,16;10,2%;1,2%;1,4%;85,08
Van de Velde NV;VAN;Belgium;Clothing & Footwear;Consumer Durables;19,7%;16,0%;0,2;12,0;423,9;Q4-2024;9;30,57;31,10;7,9%;10;5;18,4%;1,1%;-1,6%;30,30;EUR;EUR;2,52;26,8%;-2,8%;9,6%;39,75
Viscofan SA;VIS;Spain;Packaging;Materials;17,1%;12,7%;0,5;17,3;3048,5;Q4-2025;9;57,87;57,01;5,2%;10;5;6,1%;6,5%;-5,9%;60,70;EUR;EUR;3,50;15,1%;2,8%;5,8%;60,19
Weyco Group Inc;WEYS;USA;Clothing & Footwear;Consumer Durables;9,7%;11,8%;0,2;12,5;307,3;Q3-2025;9;32,03;31,10;9,5%;10;5;26,1%;7,5%;7,6%;32,37;USD;USD;2,58;12,5%;54,7%;37,8%;69,16
;;;;;;;;;;;;;;;;;;;;;;;;;;;
;;;;;;;;;;;;;;;;;;;;;;;;;;;
;;;;;;;;;;;;;;;;;;;;;;;;;;;
;;;;;;;;;;;;;;;;;;;;;;;;;;;
;;;;;;;;;;;;;;;;;;;;;;;;;;;
;;;;;;;;;;;;;;;;;;;;;;;;;;;
;;;;;;;;;;;;;;;;;;;;;;;;;;;
;;;;;;;;;;;;;;;;;;;;;;;;;;;
;;;;;;;;;;;;;;;;;;;;;;;;;;;
;;;;;;;;;;;;;;;;;;;;;;;;;;;
;;;;;;;;;;;;;;;;;;;;;;;;;;;
;;;;;;;;;;;;;;;;;;;;;;;;;;;
;;;;;;;;;;;;;;;;;;;;;;;;;;;
;;;;;;;;;;;;;;;;;;;;;;;;;;;
;;;;;;;;;;;;;;;;;;;;;;;;;;;
;;;;;;;;;;;;;;;;;;;;;;;;;;;
;;;;;;;;;;;;;;;;;;;;;;;;;;;
;;;;;;;;;;;;;;;;;;;;;;;;;;;
;;;;;;;;;;;;;;;;;;;;;;;;;;;
;;;;;;;;;;;;;;;;;;;;;;;;;;;
;;;;;;;;;;;;;;;;;;;;;;;;;;;
;;;;;;;;;;;;;;;;;;;;;;;;;;;
;;;;;;;;;;;;;;;;;;;;;;;;;;;
;;;;;;;;;;;;;;;;;;;;;;;;;;;
;;;;;;;;;;;;;;;;;;;;;;;;;;;
;;;;;;;;;;;;;;;;;;;;;;;;;;;
;;;;;;;;;;;;;;;;;;;;;;;;;;;
;;;;;;;;;;;;;;;;;;;;;;;;;;;
;;;;;;;;;;;;;;;;;;;;;;;;;;;
